id,url,title,date,category,tags,description,comments_count,status,error
360,https://blog.msalt.net/360,[독후감] 넛지 Nudge,2024-01-01T21:50:14+09:00,감상문,[],"넛지에 대한 이야기는 너무 유명해서 오히려 책을 읽어야겠다라는 생각이 들지 않았다. 출발 비디오 여행부터 예능에서 수많은 패러디까지 보고, 사람들의 온갖 스포까지 다 겪으면 천만 영화도 구미가 당기지 않는 것과 비슷하다. 그럼에도 불구하고 부장 승격 교육에서 추천을 받아서, 회사에서 도서 구입 비용을 지원해줘서 책을 사서 찬찬히 읽어보게 되었다. 다원적 무지 pluralistic ignorance 사람들이 사회적 쟁점에 대한 소수 의견을 다수 의견 혹은 다수 의견을 소수 의견으로 잘 못 인지하는 현상. 사람들이 어떤 관행이나 전통을 따르는 이유는 그것을 좋아하거나 그것이 옹호할 가치가 있어서가 아니라... 정말 격하게 공감되는 부분이 바로 어머니가 '제사'를 대하는 태도이다. 엄마는 아직도 대다수의 사람..",25,ok,
359,https://blog.msalt.net/359,Wear OS Data Layer - java.lang.IllegalArgumentException: Buffer is closed,2023-12-02T23:21:55+09:00,나의 경험담,[],"안드로이드 와치 Wear OS 데이터 전송할 때 발생하는 java.lang.IllegalArgumentException: Buffer is closed 예외 해결 방법. 문제 상황 Wear OS에서 데이터 전송 및 동기화 가이드 대로 코드를 작성해도 예외가 발생한다. 2023-11-28 00:11:37.243 15775-15920/? D/DataLayerService: onDataChanged 2023-11-28 00:11:37.268 15775-15775/? E/AndroidRuntime: FATAL EXCEPTION: main Process: com.example.your_app, PID: 15775 java.lang.IllegalArgumentException: Buffer is closed. at..",1,ok,
358,https://blog.msalt.net/358,[독후감] 인생 9단,2023-11-26T10:45:32+09:00,감상문,[],"1940년생으로 서울구치소 교화위원으로 29년간 사형수를 상담하신 양순자 할머니의 인생 조언이 담긴 책. 내가 인생에 대해서 이래라 저래라하는 책을 좋아하는 편은 아니지만 그렇다고 귀막고 안들린다 소리치는 편도 아니라서 적당히 재미있게 읽었다. 종교 교리도 아니고 잔소리도 아니고 명절에 만난 할머니의 덕담 같은 이야기다. 올라오는 기차간에서 두세번 더 생각해보게 되는 그런 이야기. 감동하는 대로 움직이면 돼 나는 평소 굉장히 이성적으로 행동하는데 중요한 의사 결정의 순간에는 감성적인 사람이다. 아마 나 말고도 그런 사람이 꽤 많이 있을 것 같다. 정말 중요한 결정을 할 때, 고민 끝에 결정을 내릴 때 우리는 이해타산을 따지기 보다 마음의 소리에 귀를 기울인다. 이게 옳은 길인가. 내가 진정 원하는 길인가..",0,ok,
357,https://blog.msalt.net/357,[독후감] 김훈 에세이 - 자전거 여행,2023-10-23T20:13:20+09:00,감상문,[],"오래전에 선물 받은 책인데, 2000년에 초판이 출간된 책이었다. 자연속으로 여행 중 에세이라서 그런지 23년이 지나도 세월의 흔적을 발견하기 힘들었지만 IMF 이야기가 나오는 부분에서 책이 나온 시점을 알아보게 되었고, IMF를 다시 추억하게 되었다. 자연과 사람 그리고 인간과 삶에 대해서 뜨문 뜨문 멍때리며 생각하게 되는 책이다. ""그만 하면 견딜 만한 가난이다"" 광주 이세영씨는 밥 안 굶고 사는 것이 꿈이라 초등학교만 나와서 구두 만드는 기술을 배웠지만 광주 사태에 시위대로 나섰다가 불구가 된다. 불구의 몸으로 전남대학교 국문학과를 중퇴한 김길순씨와 결혼을 한다. 5.18 묘역 앞에서 꽃가게를 하는데, 넉넉하지 않은 벌이 앞에서도 ""그만 하면 견딜 만한 가난이다"" 라고 했다. 내가 견딜만한 가난은 ..",0,ok,
356,https://blog.msalt.net/356,콘크리트 유토피아 다음 소희 그리고 세월호,2023-10-22T18:41:26+09:00,감상문,[],"회사에서 보여줘서 동료와 함께 봤다. 예상 가능한 내용과 연출에도 불구하고 마음이 먹먹해지는 것이 감탄과 반전이 없이도 좋은 영화인것 같다. 슬프고 안타까운 마음이 힘들어서 고개를 돌리고 싶은데, 기어코 두 시간을 앉아서 봤다. 시작부터 끝까지 한 번도 마음편히 볼 수 없었는데, 다 보고 나니 감독이 무슨 말을 하고 싶은 걸까 보다 사람들은 무슨 생각을 할까 궁금해졌다. 인면수심 문명이 무너진 상황이지만, 문명 이전의 시대였다면 어땠을까? 애초에 아파트도, 자동차도, 보일러나 통조림도 없던 때라면 말이다. 경험이 있고 지식이 있기에 문명의 재건은 생각보다 쉽고 빠르게이뤄질 수 있을 텐데, 사람들은 재건보다는 있다가 없어진 것을 쟁탈하는데 몰두하게 된다. 그 과정에서 인면수심의 모습을 하고 있는 사람들을 ..",0,ok,
355,https://blog.msalt.net/355,[독후감] 실용주의 프로그래머,2023-10-19T22:32:40+09:00,감상문,[],"상당히 오래전부터 읽을 기회가 아주 많이 있었지만, 조금 읽다가 말기를 반복하다가 도서소개를 해보려고 끝까지 쭈욱 읽었다. 꼰대 아저씨 프로그래머의 잔소리 같은 느낌도 있지만 내용은 정말 실용적이다. 책의 내용이 실용적인만큼 책도 적당히 실용적으로 읽고 수용하는 것도 좋을 것 같다.ㅋ 매년 새로운 언어를 최소 하나는 배워라 1장에서 나온 이 한 문장이 당장 책을 덮게 만들 수도 있다. 분기마다 기술서적을 읽고, 수업을 듣고, 지역 사용자 모임에 참여하고, 다른 환경에서 실험을 해보라는 도전적인 잔소리는 잔업에 지친 국내 프로그래머에게 씨알도 안 먹힐만한 소리다. 젊은 나에게는 정말 그랬었다. 하지만, 십여년 동안 근무 환경이 꾸준히 개선되면서 이제 한두개 정도는 시도해 볼 수 있게 되었고, 해보니까 참 ..",0,ok,
354,https://blog.msalt.net/354,[독후감] 배민스토리 - 2023 우아한형제들 가치경영보고서,2023-10-03T13:57:39+09:00,감상문,[],"우연히 2023 우아한형제들 가치경영보고서를 받아서 읽었다. 깔끔한 디자인과 이해하기 좋은 구조, 알찬 구조로 아주 잘 만들어진 책이라는 생각이 들어서 보고서임에도 불구하고 독후감을 남겨야겠다는 생각이 들었다. 디자인 표지부터 각 장의 구성마다 배민의 색과 폰트를 적절하게 잘 사용하였고, 폰트 사이즈와 보고서 본문의 배치도 좋았다. A4사이즈의 보고서의 크기도 보고서를 거부감 없이 편하게 볼 수 있도록 만드는데 한 몫했다. 부제목과 사진을 큼직하고 여유있게 배치해서 상품 카탈로그를 보는 것처럼 가볍운 마음으로 읽을 수 있었다. 물론 기업 홍보용 책자에서 널리 사용되는 형식과 규칙들을 적절히 사용한 것이지만 그러한 기본에 충실하면서도 배민의 색을 아주 잘 입힌것 같다. 구성과 내용 이 책의 목적은 가치경영..",0,ok,
353,https://blog.msalt.net/353,[독후감] 빌 캠벨 실리콘밸리의 위대한 코치 - 1조 달러 코치,2023-09-10T00:15:34+09:00,감상문,[],"'빌 캠밸, 실리콘밸리의 위대한 코치'를 읽었다. 앞부분은 나름 재미있게 읽었지만 점점 힘이 빠지고 식상해져서 뒤쪽은 대충 봤다. 일반적인 경영서적처럼 맞는 말, 멋진 말 대잔치이긴 한데, 그래도 인상 깊었던 부분을 몇개 뽑아서 정리해 본다. 아마 지금 내 상황, 요즘 생각이 많이 투영된 내용들 일 것이다. 경영은 성과로 말한다 너무나도 당연하게 경영은 성과로 말한다. 사람이 숨을 쉬고 영양분을 섭취해야 살 수 있듯이 회사는 성과가 필요하고, 경영인은 성과를 내야한다. 그래서 대부분의 경영서를 읽으면 성과, 결과를 매우 중요하게 다룬다. 성과를 위해서 투쟁하고 온 갖 방법을 총 동원하는 것이 현실이다. 물론 인간적이면서 과정을 중요시하고, 사회적으로 의미있는 일을 내세우기도 한다. 하지만 이 모든 것이 ..",0,ok,
352,https://blog.msalt.net/352,[독후감] 더 좋은 삶을 위한 철학 How to Be Perfect,2023-09-03T22:34:02+09:00,감상문,[],"이 책의 원 제목은 ""How to Be Perfect: The Correct Answer to Every Moral Question"" 이다. 완벽해지고 싶은 생각은 없다만 일상에서 만나는 윤리적인 문제들에 대해 어떻게 대처해야 할지에 대한 답을 제시한다는 소개글을 보고 선택했다. 책을 다 읽고 나니 속은 기분이 들긴하지만 그래도 한 번 더 내 삶을 돌아보고, 삶에 대한 나의 철학을 다시 한 번 생각해보는 계기가 되었다. 화나면 무서운 사람이 되자 나는 좀처럼 화를 내지 않는다. 내가 화내는 것이 상상이 안간다는 말도 많이 들었다. 근데, 아리스토텔레스는 중용의 덕을 설명하면서 화를 낼줄 모르면 자신을 향한 모욕을 받아들이고 가족과 친구를 향한 모욕을 그냥 지나처 버릴 수 있고, 이것은 노예근성에 불가하다..",0,ok,
351,https://blog.msalt.net/351,[독후감] 여행의 이유,2023-08-20T23:03:26+09:00,감상문,[],"김영하 작가가 말하는 여행의 이유는 무엇일까 궁금했는데, 책을 보다보니 김영하 작가가 왜 이렇게 인기가 많은지 알게되었다. 공교롭게도 첫번째 글에서 여행을 통해 알게되는 '뜻밖의 사실'의 발견에 대해서 이야기를 하고 있다. 어쩌면 내가 CRA 교육에 들어가게 되고, 쉬는 시간에 휴게실의 많은 책 중 이 책을 골라서 김영하 작가를 더 잘 알게되고, 그 과정에서 내가 미쳐 몰랐던 내 모습과 내 생각을 발견하게 된 것도 여행에서의 알게된 '뜻밖의 사실'과 같은 것일 지도 모르겠다. 일상을 떠나서 계속 여행을 하면서 우리는 '뜻밖의 사실'의 발견을 기대한다. 나는 그 사실의 크기나 무게와는 별개로 발견하는 재미가 쏠쏠하다는 것을 알기에 힘들게 돌아오자 마자 다음 여행을 꿈꾼다. 한 번은 제대로 빡시게 캠핑을 다..",0,ok,
350,https://blog.msalt.net/350,[독후감] 장하준의 경제학 레시피,2023-06-30T10:24:44+09:00,감상문,[],"장하준 교수의 '나쁜 사마리아인들', '사다리 걷어차기'를 꽤나 재미있게 읽었던 기억이 있다. 상당히 젊었을때, 경제와 정의에 대한 열정을 갖고 단번에 읽어냈던 기억이 난다. 그 책들은 내가 노암 촘스키의 책을 보고 미국의 양면적인 모습들과 그 역사에 대해서 알게되면서 갖게되었던 서방 선진국들에 대한 거부감과 배신감 그리고 분노에 대한 경제적인 사실 관계를 공부하는 것 같았다. 다소 의외였던 것은, 장하준 교수가 박정희의 경제 개발 5개년 계획과 같은 중앙 집중적인 계획과 보호 무역주의로 우리 경제 발전의 큰 공을 돌렸던 것이다. 나는 사실 그 전에는 박정희 신화를 그다지 신뢰하지 않았지만, 그 시절 정치, 사회적인 문제는 둘 째 치고 경제적인 성과에 포커스를 맞췄을 때 결과적으로 분명히 뛰어난 성과를 ..",0,ok,
349,https://blog.msalt.net/349,[독후감] 딜리버링 해피니스,2023-06-06T17:48:15+09:00,감상문,[],"어디서 봤더라 기억도 잘 안나는데, 재포스닷컴의 성공신화를 듣고 한 번 쯤은 읽어 보고 싶었던 책이다. 막상 읽기까지 시간이 걸렸던 것은 왠지 불을만큼 팅팅 불은 성공담 중 하나가 아닐까, 괜히 시간만 낭비하는 것 아닐까 하는 마음으로 망설였기 때문이다. 솔직히 그런 면이 없다고는 못하겠다. 근데, 식상하고 이쁘게 꾸며진 이야기들만 가득한 것은 아니다. 저자인 토니 셰이가 삶 속에서 가장 중요하게 여긴것은 '진성성'이 아닐까 싶다. 유년기부터, 삶을 마감하는 그 순간까지 말이다. 그 진정성을 바탕으로 그는 많은 성공을 이뤄냈고, 이 책 역시 그 마음을 전달하면서 독자들의 선택을 받게된 것이 아닌가 생각해본다. 포커판을 잘 선택하라 내가 이 책을 읽고 싶었던 이유 중 하나는 나의 사업을 어떻게 운영할 것인..",0,ok,
348,https://blog.msalt.net/348,[독후감] 하룻밤에 읽는 한국사,2023-05-29T22:09:58+09:00,감상문,[],"입사 할 때 쯔음 샀던 책인데, 다 못 읽고 가지고만 있다가 이번에 다 읽게 되었다. 하룻밤이면 다 읽는 것을 그 동안 왜 안읽고 있었던 것일까 싶은데, 어쩌면 이제서야 내가 역사를 공부하고 이해하고 조금이나마 통찰을 얻을 수 있을 만큼 성장한 것은 아닐까 생각이 든다. 참 늦다라는 생각과 이제라도 다행이라는 생각이 동시에 든다. 어째든 참 좋은 책이다. 역사 속에서 통찰력을 얻을 수 있다. 꼭 추천하고 싶다. 에피소들을 인용해서 다양한 이야기 해주고 싶다. 본관은 뼈대있는 집안을 상징하기보다는 통치수단의 잔재 고려에서 시작된 본관제는 지방세력을 통제하기 위해 만들어진 제도라고 한다. 유랑민을 막고, 백성들로부터 조세와 역을 안정적으로 수취하기 위한 제도였다고 한다. RFID처럼 일종의 관리 tag 같은..",0,ok,
347,https://blog.msalt.net/347,[독후감] 참을 수 없는 존재의 가벼움,2023-05-05T14:33:27+09:00,감상문,[],"책을 읽기 시작할 때부터 마지막 장을 읽을 때까지 제목의 의미에 대해서 생각해보면서 읽었다. 처음에는 대놓고 여성 편력으로 바람을 피는 토마시를 바라 보며 테레자가 느끼는 감정인것 같았다. 로맨스와 페미니즘에 대한 이야기인가도 싶었다. 좀 더 읽다보니 사바나와 프란츠의 이야기가 나오는데, 김민희와 홍상수가 생각나는 상황이다. 유부남과 연애하면서도 결코 자신을 완전히 내주지 않는 젊은 여성 화가, 부인을 살뜰히 배려하면서도 외도를 통해 절절하게 사랑을 탐닉하는 대학 교수, 그리고 남편의 외도를 알면서도 냉정하게 자신의 생활을 유지하는 교수의 아내. 모두 각자 자신의 길을 간다. 사비나는 갑자기 떠나고 프란츠는 방황하지만 부인은 당황하지 않는다. 사랑이 전투고 끝까지 싸우겠다는 부인을 두고 그는 다른 여학생..",0,ok,
346,https://blog.msalt.net/346,[독후감] 그대가 곁에 있어도 나는 그대가 그립다,2023-03-21T00:24:21+09:00,감상문,[],"글도 적고 책도 작고 얇은데 더 오랜시간을 들여 읽었다. 읽고 또 읽고, 생각하고 곱씹으며 읽는 그 시간들 나는 홀로 조용히 사색에 빠졌지만 외롭지 않았다. 가까이 두고 돌아봐야지. 독후감은 짧은 시 한편을 남기는 것으로 대신한다. 시집 지하철에서 읽기 좋은 시집 사람들 속에서 전동차 소음 속에서 안내방송을 들으며 조용히 시를 읊어 본다 어떤 시는 몇 번을 읽어도 눈이 감긴다 어떤 시는 읽으면서 귓가에 속삭인다 그리고 어떤 시는 차분히 말을 걸어 온다 시집을 읽을 때 지하철에서 나는 오롯이 혼자가 된다 잠 못 들던 지난 밤처럼 나는 혼자 생각에 빠진다 다만, 시가 있어 외롭지 않다 혼자인것만 같았는데 시가 거기 있었다",0,ok,
345,https://blog.msalt.net/345,산세베리아 태희 분갈이,2023-03-12T23:08:23+09:00,초록이들,[],"봄을 맞아 화초에 관심을 갖게해준 첫 식물 산세베리아 태희를 분갈이 해줬다. 이사를 두 번하는 동안 정작 분갈이는 한 번도 못해준 것 같아 미안했다. 작년 봄에 해주고 싶었지만 집도 좁고, 이사하고 나서 해주려고 참았는데, 참는 동안 꾸역 꾸역 새줄기를 밀어 올려서 더 미안했다. 화분까지 미리 준비해놨다가 날씨가 풀리고 봄비가 오는 주말을 맞아 분갈이를 해줬다. 😀 태희 소개 바쁘게 살다보니 블로그에 초록이 글이 7년만이네ㅋㅋㅋ 태희는 이전에 다음 블로그에 소개했었는데, 이제는 서비스가 종료되어 백업된 자료에서만 확인이 가능하다. 몇개를 캡쳐해서 올려둔다.ㅎ 바쁘기로 유명한 휴대폰 만드는 전자회사 직원일 때, 해가 잘드는 사무실 한 켠에서 키우기 시작했던 것이 태희다. 이름까지 지어줬다. 탄생의 기쁨! ..",0,ok,
344,https://blog.msalt.net/344,[독후감] 인생의 허무를 어떻게 할 것인가,2023-02-14T22:33:18+09:00,감상문,[],"작년말 갑자기 밀려오는 허무한 감정을 어떻게 받아드려야 할지 난감하던 찰나에 허무를 어떻게 하면 될런지 답을 줄것 같아서 덜컥 주문했다가 바쁘게 연말을 보내고 이제서야 읽게되었다. 자기개발서인지 심리학 책인지도 모르고 제목하나에 느낌이 꽂혀서 샀는데, 아주 재미있는 에세이였다. 저자가 누군지도 모르는데, 친구랑 이야기하는 것 같기도 하고 누나들이랑 수다 떠는것 같은 느낌이 들기도 했다. 오랫만에 편안하고 즐겁게 책을 읽으면서도 고민 아닌 인생 고민에 대해서도 쓴 맛을 좀 덜어내고 단 맛을 더할 수 있어서 좋았다. 인생은 본래 허무한 것 나에게 허무가 밀려온 이유는 큰 내 꿈으로의 거리가 도무지 좁혀지지가 않음에도 내 몸의 나이는 해가 다르게 늘어가는 것을 느꼈기 때문이다. 애초에 나는 꿈을 꾸면서 살아가..",0,ok,
343,https://blog.msalt.net/343,[독후감] 데일 카네기의 인간 관계론,2023-02-05T22:14:37+09:00,감상문,[],"부서 동료들의 추천으로 워렌 버핏을 포함해서 많은 사람들이 추천하고 또 회자된 오래된 자기개발서 데일 카네기의 인간 관계론을 읽었다. 이전부터 말은 많이 들었지만, 자기개발서를 별로 안 좋아해서 읽고 싶은 마음이 없었기에, 빨리 대충 읽었다. 구관이 명관이라는 말이 있는데, 요즘 나오는 자기개발서 보다 효과적이고 인상적인 글들도 많이 있었다. 물론 클래식에 가까운 오래된 스토리 텔링을 감안하고 읽어야 하지만, 당연한듯 툭툭 던져지는 원론적인 방법론은 시대를 초월해서 언제든 한 번쯤 다시 상기시켜 볼 만한 내용인 것 같다. 물론 모두 좋다는 뜻은 아니다. 9가지 제안 1부를 시작하기도 전에 '이 책을 잘 활요하기 위한 9가지 제안'이라는 글이 있다. 책을 밑줄 쳐가면서 여러번 읽고 또 다시 읽고, 자문하면..",0,ok,
342,https://blog.msalt.net/342,[독후감] 마음의 법칙 - 사람의 마음을 사로잡는 51가지 심리학,2023-01-31T20:26:47+09:00,감상문,[],"어떤 책을 읽어볼까 서점 사이트를 돌아다니다가 아주대 김경일 교수님의 추천을 보고 선택했다. 뻔한 자기개발서가 아니라 전문적인 연구를 바탕으로 심리학을 소개해 준다는 점이 매력적이었고, 내용도 만족스러웠다. 무엇보다 읽으면서 나의 평소 생활 패턴을 돌아 볼 수 있을뿐만 아니라 미래의 사업 구상에도 적용할 수 있는 다양한 영감을 얻을 수 있어서 좋았다. 자극적인 멘트들을 늘어놓는 자기개발서를 읽는 것보다 훨씬 유익하고 재미있게 읽으면서 다양한 생각을 해볼 수 있는 기회를 얻을 수 있다. 자기 자신의 생활이나 삶의 전반을 돌아보게 될 수도 있고, 몇가지 실천 방안을 새롭게 만들 수도 있고, 사람들의 심리학에 기반한 다양한 아이디어도 떠올릴 수 있다. 자기개발서 한권 읽어볼 시간이 있다면 한 번 쯤 편안한 마..",0,ok,
341,https://blog.msalt.net/341,[Double Check-02] 수정 즉시 업데이트되는 EditText in RecyclerView,2022-12-02T13:25:37+09:00,만들기,[],"안드로이드 앱에서 수정 가능한 아이템 목록이 있는데 수정하면 바로 DB까지 업데이트되도록 EditText와 RecyclerView를 사용해서 two way binding으로 구현해보았다. 마치 구글 Keep과 같이 직관적이고 빠릿한 동작을 만들고 싶었다. C# Observable로 데이터 바인딩 했던 기억이 새록 새록 나면서, 이럴때 어떻게 되는 것인지, 저럴때 어떻게 해야 하는 것인지 의문도 많이 들었다. 그렇다고 동작하면 망고 땡이다라고 생각하고 막 쓰기엔 내가 너무 꼰대라서 조금 괴로웠다. 직접 구현을 하면서 알게된 몇 가지 것들을 정리하고 다음 단계로 넘어가려 한다. 이것들을 알게되기까지에는 약간의 시행착오와 개념을 탑재하는데 시간이 필요했지만 막상 한 번 알고 나면 엄청 편리하게 마구 사용하게 ..",0,ok,
340,https://blog.msalt.net/340,2022 가을 캠핑의 기록,2022-11-07T22:40:11+09:00,나의 경험담,[],"작년부터 시작한 등산 모임에서 산에가는 횟수가 늘면서 가족들로부터 혼자만 돌아다닌다고 불만의 목소리를 접하게 되었다. 그래서 함께 산으로 자연으로 떠나기 위해서 캠핑을 시작했다. 9월부터 10월까지 2달동안 7번의 캠핑 기록을 간단하게 정리해보려 한다. 캠핑의 시작 우선 텐트랑 기본적인 용품 먼저 사서 가까운 한강 공원 난지 캠핑장으로 떠났다. 텐트는 카즈미 X5를 선택했는데, 이유는 이뻐서ㅎ. 텐트는 새 것 같은 중고가 참 많다. 한 번 사용하고 바로 물건으로 나와도 반값에 나오니까 중고로 사는것이 좋은것 같다. 캠핑의자는 한강공원에서 사용하던 의자가 있어서 따로 안샀고, 테이블은 코스트코 롤테이블로 장만했다. 집에 작은 테이블이 있긴 한데, 조리하려면 좀 큰게 있어야 할 것 같아서 큰 걸로 샀는데, ..",0,ok,
339,https://blog.msalt.net/339,[Double Check] 안드로이드 어플리케이션 오픈소스 프로젝트,2022-10-20T00:56:36+09:00,만들기,[],"안드로이드 어플리케이션 함 만들어 보려고 하는데, 손이 잘 안가네. 이전에 썼던 방법을 한 번 더 사용해 볼까싶다. 오픈소스 프로젝트로 일기쓰면서 만들어보기! 프로젝트에서 만들고자 하는 어플리케이션의 동작 자체는 매우 간단하다. 나는 캠핑 갈 때, 수영장 갈 때, 농구 시합 갈 때, 등산 갈 때, 벌초 갈 때, 제주도 여행 갈 때 챙겨야 할 것들에 대해서 메모 앱에 목록을 가지고 있다. 체크를 하면서 준비를 하고, 돌아올 때도 체크를 하면서 물건을 챙긴다. 뭔가 잃어버리는 일이 거의 없고, 잊어 먹고 안가져가는 일도 줄어들고, 아쉬운 것은 그때 그때 목록에 추가해두면 다음 번에는 잊지 않고 챙겨갈 수 있다. 아주 간단하다. 메모 앱으로도 충분히 가능하다. 하지만, 수퍼 심플이 핵심이다. 다른 메모랑 섞이..",0,ok,
338,https://blog.msalt.net/338,리뷰하다가 프로젝트 틀어질 뻔한 썰,2022-07-29T17:00:41+09:00,기술 이야기,[],"토이 프로젝트를 누군가와 같이 해본적이 별로 없다. 그리고 주변에서도 성공하는 케이스 보다는 깨지는 케이스를 더 많이 보았다. 아무래도 회사와는 다르게 참여 인력들의 상황이 모두 다르기 때문일 것이다. 그것을 알기 때문에 담당분야를 분명하게 나눠서 후배랑 둘이 프로젝트를 시작해 보았다. 하지만 리뷰하는 과정에서 문제가 발생했다. 그 상황에 대해서 느낀점과 그 동안의 경험에 대해서 기록을 남겨 보려한다. 나는 리뷰를 한다고 했는데, 잘 안되었다. 분석을 위해 몇 가지 인자를 뽑을 수 있을 것 같다. 내 리뷰의 기술 품질, 내 리뷰의 감성 품질, 리뷰를 받는 사람의 자세. 순수하게 내가 느낀 내용을 적어보려한다. 온전히 내 입장에서 혼자 복기를 해본다. 리뷰 기술 품질 우선 리뷰를 얼마나 꼼꼼하게 할 것인지..",0,ok,
337,https://blog.msalt.net/337,[독후감] 1984 - 조지오웰,2022-06-01T21:12:20+09:00,감상문,[],"조지오웰의 1984를 읽게 된 것은 김지윤 박사님의 독서 이벤트 때문이었다. 논술 세대라 지문에서 많이 접했던 소설이지만 정작 소설 전체를 읽어 본 적이 없었기 때문에 읽어보기로 했다. 읽어보니 이게 정말 1949년에 쓰여진 소설이 맞는지 싶을 정도로 현대와 이질감 없는 묘사가 놀라웠다. 그때 우리나라는 광복 이 후 극심한 사회 혼란을 겪고 있을 때였는데, 작가는 그 혼란 이후에 올 디스토피아에 대해 경고를 하고 있었다. 현재를 지배하는 자가 과거를 지배한다. 주인공 오스틴의 직업은 빅브라더가 통제하는 당의 지시에 따라 역사를 수정하는 일이다. 전체주의 아래에서 절대적인 당의 권력은 현재 상황에 맞게 과거의 모든 기록을 수정한다. 불가능 할 것 같고, 말도 안되는 이 일이 오스틴의 직업이다. 이미 출판된..",0,ok,
336,https://blog.msalt.net/336,파이썬 빠르게 제대로 익히는 방법,2022-04-07T23:14:43+09:00,기술 이야기,[],"요즘 참 인기가 많은 파이썬을 빠르게 제대로 익하는 방법에 대해서 소개하려 한다. 이 방법은 사실 내가 새로운 언어나 플랫폼, 프레임웍을 익힐때 사용하는 방법으로 Android, Tizen, C++, Java, JSP, Typescript, Angular, Vue, Python을 개발할 때 유용하게 사용했던 방법이다. 파이썬은 고수준의 범용 프로그래밍 언어인데, 배우기도 쉽고 사용하기도 쉬워서 요즘 참 않은 사람들이 배우고 있다. 프로그래밍 도서 순위 상위권에 많은 책ㅇ들이 파이썬 관련 도서이고 유튜브에도 파이썬 학습 영상이 많이 올라와 있으며, 온라인 강좌도 많이 있다. 하지만 막상 파이썬을 배우는 방법으로 기존 프로그래밍 언어를 배우는 오래된 구식 방법을 소개하는 컨텐츠도 많이 있어서 파이썬을 빠르게..",0,ok,
335,https://blog.msalt.net/335,[독후감] 방구석 미술관,2022-04-03T13:31:42+09:00,감상문,[],"작년 가을에 회사 이벤트에 당첨되어서 받은 방구석 미술관을 이제 다 읽었다. 재미있고 감명깊게 읽었다. 미술사에 숨겨진 이야기가 재미있었고, 미술이라는 예술에 빠진 예술가들의 인생에 큰 감명을 받았다. 열정과 사랑 그리고 지난하게 이어지는 삶의 모습이 그들의 작품을 결코 가벼이 볼 수 없게 만드는 것이 아닐까 생각해 본다. 책의 구성과 내용도 참 잘 짠것 같다. 가볍고 편하게 시작하는 유쾌한 교양 미술이라는 부재처럼 미술을 잘 모르는 사람이 미술사가 발전하는 과정에 따라서 어렵지 않게 미술을 이해 할 수 있게 해준다. 미술 작품을 충분히 이해하기 위해서는 그 작품이 만들어지 시대 배경이나 작가의 감정, 인생 뿐만 아니라 미술 사조의 변화도 중요하다는 것을 알게 되었다. 입체파니 야수파니 조각 조각 알고 ..",0,ok,
334,https://blog.msalt.net/334,[독후감] 오케이 아웃도어닷컴에 OK는 없다,2022-03-27T17:04:24+09:00,감상문,[],"우연히 접하게 되어서 스윽 읽어봤다. 오래전에 나온 책이고 자서전에 가까운 내용이지만 그래도 생각할 거리를 던져준다. 아무래도 내용이 필자의 경험을 바탕으로 하고 있기 때문에 어느쪽이든 교훈을 삼을 만한 내용이 담겨져 있는 것 같다. 사업과 리더에 대한 생각을 환기해보는 시간이 되었다. 맞지 않는 옷은 당장 벗어라 다소 선동적인 멘트로 구독욕을 자극하면서 시작한다. 하지만 이내 감당할 수 있는 그림부터 그려고, 작은 그림부터 그리라는 현실적인 이야기를 하고 있다. 둘 다 맞는 말이라고 생각한다. 뜻이 있다면 길을 찾아가되 겸손하게 한 걸음씩 내 딛을 필요가 있다. 사람의 능력을 극대화 하는 시스템을 만들어라 책을 끝까지 읽고, 성공 요인에 대해서 생각해 보았는데, 실천력과 생존을 향한 열망 그리고 그 위..",0,ok,
333,https://blog.msalt.net/333,[독후감] 암호화폐 자동매매 시스템 with 파이썬 - 출판 후기,2022-03-13T13:21:43+09:00,만들기,[],"비트코인 트레이딩을 위해 파이썬으로 암호화폐 자동매매 프로그램 smtm을 만들었다. 요구사항 도출부터 설계, 테스트 작성, 개발, 최적화에 이르는 모든 과정을 책으로 엮어서 출간하게 되었다. 내가 쓴 책을 독후감으로 소개하려니 영 기분이 이상하지만, 간단하게 책 소개를 해보려 한다. 책이 도움이 될 사람, 책을 낸 이유 smtm 프로젝트를 시작할 때 출판에 대한 계획은 없었다. 단지, 개발이 너무 진행이 안되어서, 개발 일기처럼 블로그에 글을 쓰기 시작했는데 그것이 계기가 되었다. 블로그에 글을 쓰는 일은 사실 나 자신을 위한 일이기도 하다. 누군가에게 설명하기 위해서는 내용을 잘 알아야 하고, 그 과정에서 해당 지식에 대한 메타 인지적인 지식을 얻을 수 있다. 내가 알고 있는 것과 모르는 것의 범위를 ..",1,ok,
332,https://blog.msalt.net/332,브라우저로 텔레그램 챗봇 만들기,2022-02-02T20:26:35+09:00,기술 이야기,[],"보통 파이썬이나 nodejs를 사용해서 텔레그램 챗봇을 만드는데, 그 전에 브라우저만을 사용해서 간단하게 텔레그램 챗봇을 만들어서 테스트해보자. 텔레그램의 챗봇 API의 대부분은 http get method를 사용해서 브라우저에서도 테스트가 가능하다. 챗봇에 들어온 메세지를 확인하고, 메세지를 보내는 것과 커스텀 키보드를 브라우저를 통해서 테스트 해보자. 텔레그램 챗봇 생성 텔레그램 챗봇 생성은 더없이 간단하다. 텔레그램 메신저에 접속해서 BotFather에게 /newbot이라고 메세지를 보내면 생성이 시작된다. BotFather는 챗봇의 이름과 username을 물어보는데, 응답으로 각각의 이름을 전송하면, 챗봇을 컨트롤 할 수 있는 토큰을 준다. 만약, username이 이미 사용 중인 경우에는 다른..",0,ok,
331,https://blog.msalt.net/331,[독후감] 뒤늦게 클린 아키텍처를 읽고,2021-11-18T23:59:09+09:00,감상문,[],"엉클 밥, 밥 아저씨의 클린 아키텍처를 1년에 걸처서 천천히 읽었다. 참 좋은 책이다. 천천히 보기에도 좋고 빨리 보기에도 좋다. 책의 내용에 맞게 책의 구조도 매우 신경 쓴거 같다. 책을 알게 되고 읽어봐야겠다고 생각했던것은 아키텍트 교육을 받을때였는데 이제서야 읽게 되어서 뒤늦게 읽었다고 했다. 표현은 그렇게 했지만 개인적으로 아키텍처에 대해서 진지하게 고민하게 되었을 때 읽게 되어서 천천히 음미할 수 있었고, 책에 나온 사례들에 대해서 더 잘 이해하고 공감 할 수 있어서 더 좋았다. 많은 사람들이 추천하는 책이고, 감명 받은 부분을 정리해놓은 국문 블로그 글도 많아서 그리고 원문 자체가 이미 워낙 간결하게 쓰여 졌기에 따로 정리해 둘 필요가 없을 것 같다. 그래서 블로그에 정리 대신 인상 깊었던 몇..",0,ok,
330,https://blog.msalt.net/330,관악산 등산 사당역-연주대-과천역 4시간 코스,2021-09-26T23:40:12+09:00,나의 경험담,[],"관악산 등산을 다녀왔다. 사당역 4번 출구에서 시작해서 연주대에 올랐다가 연주암을 거쳐서 과천 향교 쪽으로 내려왔다. 지하철과 바로 연결되는 편리한 서울의 등산 생활을 느끼고 왔다. 조금만 올라가도 서울 시내가 다 내려다 보이고, 그래서 등산로에서도 전투 진지를 쉽게 발견할 수 있었다. 전쟁이 나서 서울이 불바다가 되면 이곳은 주요 전투 요충지가 될 듯하다. 서울의 기상 관측, 방송 시스템도 모두 연주대 부근의 시설에서 담당하고 있다. 악자 들어간 산은 오를때 악소리 난다고 했는데, 관악산도 예외는 아니다. 서울에 가까이 있으면서도 산세가 꽤나 험준하다. 날씨도 더워서 등산이 쉽지만은 않았다. 그래도 쉴새 없이 오르는 코스 중간 중간 좋은 풍경을 감상할 수 있어서 좋았다. 교통이 편리해서 그런지 외국인이..",0,ok,
329,https://blog.msalt.net/329,Tizen Log Viewer T.Viewer를 소개합니다.,2021-08-18T22:27:06+09:00,나의 경험담,[],"Cross Platform Tizen Log Viewer를 소개합니다. T.Viewer는 윈도우즈와 리눅스 데스크탑 PC에서도 타이젠 단말의 로그를 쉽게 볼 수 있는 프로그램입니다. Javascript, css, html의 웹 기술을 사용해서 윈도우즈, 리눅스 그리고 MAC에서 구동되는 앱을 만들 수 있는 electron 프레임웍을 이용해서 개발되었으며, GUI framework으로 vuetify를 사용하였습니다. MIT 라이센스로 공개된 오픈소스 프로젝트로써 T.Viewer Github repository에서 누구나 다운받아서 사용할 수 있습니다. 설치하는 방법 Github Release에서 OS에 맞는 설치 파일을 받아서 설치하면 됩니다. 윈도우즈의 경우 tviewer-setup-{version}.e..",0,ok,
328,https://blog.msalt.net/328,[T.Viewer 개발일기] 부록. CI/CD feat.travis,2021-07-13T01:25:43+09:00,나의 경험담,[],"방금 오랫만에 T.Viewer를 릴리즈했다. 파일로딩을 추가하려고 기다리고 있었는데, 이전에 개발해둔 main tab에서 로딩 기능이라도 먼저 릴리즈 해야 할 것 같아서 1.2.2 버전을 릴리즈 했다. 오랫만이라서 릴리즈하는 방법이 가물 가물 했는데, 마침 T.Viewer CI/CD에 대해서 정리도 안해놓고, 설상가상으로 travis까지 read-only mode로 전환되어 있어서...결국 오늘도 늦게 자게 되었다. 늦은김에 정리해두고 자려고 몇 글자 적어본다. Travis Travis에 대해서는 Tizen .Net Xamarin.Forms - CI 적용 글에서 다루긴 했었다. Travis는 독일에 있는 CI/CD 전문 서비스 기업이다. 여러모로 잘 정돈된 느낌이다. 기술적으로도 꼼꼼하게 준비가 되어있고..",0,ok,
327,https://blog.msalt.net/327,라즈베리파이 Jupyter notebook 외부 접속 안될때,2021-05-15T21:50:54+09:00,나의 경험담,[],"라즈베리파이 Jupyter notebook 설정해서 잘되는거 확인했는데, 다른 PC나 모바일에서 외부 접속 안될 때는 방화벽을 확인하자. 나는 방화벽 설정한적 없고, 다른 사람들도 방화벽 이야기는 없던데...싶어도 한번 확인해보자. sudo ufw status 나는 우분투 Ubuntu 20.04.2 LTS (GNU/Linux 5.4.0-1034-raspi aarch64) 사용중인데, 22번 포트만 열려있었다. 아마 기본 설정인가보다. 당황하지 말고 jupyter server의 포트를 추가해준다. sudo ufw allow 8888/tcp 관련되어서 이것 저것 확인하다보니 wifi가 겁나 느리다는 것을 알게되었고, 어차피 서버로 쓸거 유선으로 공유기랑 연결해주었다. 물리적으로도 공유기 옆에 두는 것이 좋은..",0,ok,
326,https://blog.msalt.net/326,라즈베리파이 우분투 openssh-server Failed with result 'exit-code',2021-05-10T01:01:02+09:00,나의 경험담,[],"라즈베리파이에 우분투 20.04 서버를 올려서 openssh-server를 설치했는데, 자꾸 실행이 안된다. Failed to start OpenBSD Secure Shell server 시작을 못 했단다. ssh.service: Failed with result 'exit-code' 음...뭐지? 이것만 봐서는 절대 모르겠는데... ● ssh.service - OpenBSD Secure Shell server Loaded: loaded (/lib/systemd/system/ssh.service; enabled; vendor preset: enabled) Active: failed (Result: exit-code) since Mon 2019-01-28 14:10:23 EST; 6ms ago Proces..",0,ok,
325,https://blog.msalt.net/325,SOLID - SRP 단일 책임의 법칙,2021-04-07T23:03:36+09:00,기술 이야기,[],"Single Responsibilities Principle 함수 단위에 적용을 논하는 원칙이 아니다. 함수가 하나의 기능을 갖도록 리펙토링하는 원칙도 있지만 그것이 SRP는 아니다. 사실 나도 같은 맥락인 줄 알았다. SRP는 OOP의 Class 단위에서, 하나의 클래스가 여러 Actor를 상대하는 책임을 갖게되면 안 된다 것이다. 서로 다른 Actor를 상대하는 책임을 갖다보면 하나의 변경이 여러 Actor에 영향을 주게 되는 곤경에 빠지게 되기 때문이다. 흠...T.Viewer나 smtm은 그런 원칙들을 잘 지키고 있는 것 같아 뿌듯.ㅋ 너무 쉽고 간결하게 핵심을 잘 설명해둔 Clean Architecture 책을 추천한다.ㅎ",0,ok,
324,https://blog.msalt.net/324,[SW 이야기] EAFP vs LBYL,2021-01-18T22:22:45+09:00,기술 이야기,[],"로맨스 영화를 보면, 썸타던 남녀 주인공이 속시원하게 1일을 시작하지 않는다. 쭈뼛 쭈뼛, 뱅뱅 돌리고 돌리면서 애간장을 태우다가 꼭 무슨 사고가 발생한다. 사고를 간신히 무사히 넘긴 뒤에 남자 주인공과 여자 주인공은 한 숨 돌리며 서로의 존재에 안도한다. 눈빛을 교환하고, 점점 면상이 가까워 진다. 남주가 여주 입술에 입을 맞춘다. 여주는 남주를 밀친다. 당황한 남주의 싸다귀를 후려 갈긴다. 그리고 더 과격하게 키스를 때린다. 이 바보!...BGM 재생...영상미 풀 가동... 이 장면에서 EAFP를 떠올렸다면 당신은 SW 개발자다. 다음은 EAFP와 LBYL에 대한 내용을 설명한 파이썬 가이드 일부이다. 난 EAFP를 선호한다. 키스해도 되냐고 물어보는게 뭐야. 진짜 싫어. EAFP 허락보다는 용서를..",0,ok,
323,https://blog.msalt.net/323,[T.Viewer] electron + jest desktop application에 codecov 적용기,2021-01-13T00:42:08+09:00,나의 경험담,[],"jest test framework을 사용한 electron desktop application T.Viewer에 codecov 서비스를 적용한 과정을 간단하게 정리해 보았다. T.Viewer는 이미 jest test framework을 사용하면서 coverage를 계산해서 출력하고 있다. 이 결과를 codecov가 제대로 가져가서 codecov 클라우드에 결과가 업데이트 되면 되는데, 그것은 travis에서 자동 빌드가 될때만 처리 되도록 하고 싶다. 로컬에서 하려면 codecov의 토큰도 있어야하고 로컬에 codecov node 패키지도 설치해야 하기 때문이다. smtm 프로젝트에서의 경험으로 봤을 때 travis에서 codecov를 사용하는 것은 매우 간단하다. 아니나 다를까 codecov에서 다양..",0,ok,
322,https://blog.msalt.net/322,python coverage with unittest 적용하기 feat. travis,2021-01-11T00:58:23+09:00,기술 이야기,[],"python coverage 사용법에 대해서 검색해보니 하나 같이 비슷한 내용이네. 나는 unittest를 사용 중인데, 진짜 너무 기본적인 내용들 뿐이고 내용도 너무 빈약해서 official guide를 보고 적용하였다. unittest 사용하는 프로젝트에 적용하는 방법, travis CI에 적용하는 방법을 간단하게 정리해서 올려둔다. 설치하기 pip install coverage 로 설치하면 된다. 중요한것은 본인 프로젝트의 setup.py에 의존성을 추가해주는 것이다. 특별히 extras_require에 추가하고, 설치할 때는 pip install -e.[dev] 옵션으로 설치하면 된다. 즉, 개발자는 pip install -e.[dev] 요렇게 설치하도록 가이드 하면된다. README 업데이트 고..",2,ok,
321,https://blog.msalt.net/321,[Python] Pacakge에서 모듈간 import 에러 __init__.py 순서,2020-11-08T12:42:50+09:00,기술 이야기,[],"파이썬에서 다른 모듈 import가 안된다고 에러가 났다. 철자까지 몇번을 확인하고 다른 곳에서 import해봐도 잘되는데 뭐가 문제일까 30분을 디버깅했다. 같은 패지키내에 모듈을 로딩할 때는 __init__.py에서의 순서가 중요하더라. 파이썬 강좌나 책은 공개된 것은 많은데, 이렇게 중요한 내용은 언급을 안함ㅠ 디버깅으로 체득함. sample code 추상 클래스로 인터페이스를 만들고, 구현체를 따로 만들었다. 둘은 서로 다른 파일에 구현되었다. # /simulator/data_provider.py from abc import * class DataProvider(metaclass=ABCMeta): @abstractmethod def initialize(self): pass 같은 패키지의 DataP..",0,ok,
320,https://blog.msalt.net/320,[독후감] 개발자를 위한 파이썬,2020-10-04T22:34:36+09:00,감상문,[],"왠만해서는 개발서적 독후감 같은거 안 쓰는데, 이 책은 넘 좋아서 널리 알려야겠다는 생각에 몇자 적어본다. 도서관에서 파이썬 관련 서적을 5권 정도 빌려와서 빠르게 훑어 보았다. 나는 프로그래밍에 기본 지식은 갖춘 상태이고, 개괄적인 부분에서 다른 언어와의 차이점 그리고 파이썬만의 특징이 가장 궁금한 상태인데 그런 니즈를 정확하게 맞춰서 책을 구성해 주었다. 개발자를 대상으로한 간결한 구성 일단, 대부분 파이썬 책이 개발자가 보기에는 너무 지루하다. 데이터 타입부터 연산자, 함수 등의 개념부터 설명하다보니 글이 매우 길고 자연스럽게 책도 되게 두껍다. 반면, 이 책은 그런 부분에서 매우 간결하고, 핵심적인 내용을 위주로 설명한다. 물론 독자가 개발자고 이미 기본 개념이 있다고 생각했기 때문에 가능한 것인..",0,ok,
319,https://blog.msalt.net/319,[T.Viewer 개발일기] 부록. PR하기,2020-09-26T12:36:14+09:00,나의 경험담,[],"자기 PR시대라고 Public Relations라는 단어가 T.V에서 많이 회자 될 때가 있었는데, 이제 PR을 보면 Pull Request가 생각난다. ㅋㅋㅋ 아무리 잘 만들어 놓은 프로그램도 제대로 알려져야 의미가 있다. 마케팅이 사실상 모든 제품의 시작과 끝이라고 믿기 때문에 더욱 더 홍보를 중요하게 생각한다. 개인 SNS 자기가 만든거 자기 SNS에 홍보할때 조금 낮부끄러울 수가 있는데, 그때마다 부모의 마음으로, 내가 만든거 내가 아껴줘야 한다는 다짐 한번 더하고 과감하게 업로드 한다. 친한 사람들의 반응을 먼저보고 수정이 필요한 부분은 얼른 수정하는 것이 중요하다. 친한 사람들이 편하게 던진 그 의견이 결국 다수의 의견이 되거나, 차마 말못한 의견이 되는 경우가 많으니 주의를 기울이자. 개인 ..",0,ok,
318,https://blog.msalt.net/318,[독후감] 파이썬으로 배우는 알고리즘 트레이딩,2020-09-17T00:20:14+09:00,감상문,[],"사실 책을 다 안 읽었다. 꼼꼼히 다 읽지는 못했고, smtm 프로젝트에 많은 도움이 될 것 같아서 전체적으로 쭈~~욱 한번 훑어봤다. 간단하게 장점, 단점 그리고 느낀점을 적어본다. 장점 책이 두꺼운 만큼 친절하고 자세하게 설명이 되어 있다. 설치하는 화면 하나 하나 이미지가 추가되어 있어서 더욱 책이 두꺼워진것 같다. 누구나 예외 없이 모두 따라하기를 성공할 수 있을것 같다. 파이썬 기본부터 GUI, 시각화, 데이터 분석, 백테스팅 심지어 주요 증권사의 API 사용법까지 모두 총망라되어 있다. 한 권만 보아도 폭넓게 이해가 가능하다. 특히, 4부 실전 알고리즘 트레이딩 부분은 실제 프로그래밍 상황에서 발생할 수 있는 문제나 고려해야 할 것들까지 정리가 되어 있어서 실무 담당자에게 실질적인 도움이 될 ..",0,ok,
317,https://blog.msalt.net/317,[독후감] 유병재 농담집 블랙코미디,2020-09-09T22:12:01+09:00,감상문,[],"유병재의 자학 시집이라고 한다. 촌철살인의 표현을 통해 휴가 기간 나를 리후레쉬시켜줄 영감을 얻을 수 있을까 싶어서 읽어보게 되었다. 깊은 고민이 아니지만 평범한 일상속 내 삶의 방향을 조금 바꿔놓을 만한 느낌이 있는 글들이 좋았다. 긴말 없이 몇개만 옮겨 본다. 돈을 잃으면 조금 잃는 것이고 돈을 잃으면 조금 잃는 것이고 명예를 잃으면 많이 잃는 것이고 건강을 잃으면 모든 것을 다 잃는 것이다. 하지만 요즘은 돈을 잃으면 대개 명예와 건강도 잃는다. 손절을 잘 해야 한다는 깊은 뜻이 있다. 돈을 잃었을 때, 전전 긍긍하다가 명예와 건강도 잃게되는 우를 범하지 말자. 과소비 많이 쓰는 것이 아니다. 적게 버는 것일 뿐이다. 내가 입 버릇처럼 말하는 것이다. 많이 벌어야지, 적게 써서 돈 모으면 무슨 의미..",0,ok,
316,https://blog.msalt.net/316,Tizen .Net Xamarin.Forms - 설치 에러,2020-09-08T21:39:38+09:00,타이젠 Tizen,[],"자주 접하는 Tizen Application 설치 안될 때 에러는 -4, -12 두가지다. -4 는 privilege 나 api version 안맞을때 발생 -12 는 이미 설치되어 있는 app과 Certificate이 다를 때 발생! Visual Studio를 쓰다보면 설치 에러를 놓치는 경우가 왕왕있다. 설치에러가 나서 업데이트가 안되었는데, Application launched만 보고 새로운 버전이 설치되어서 실행된 것으로 착각하는 경우가 있다. 조심하자.ㅠ 2020-09-08 오후 9:33:59 : Application is not running: 1 WARNING: Your data are to be sent over an unencrypted connection and could be read..",0,ok,
315,https://blog.msalt.net/315,[독후감] 만화로 읽는 피케티의 21세기 자본,2020-08-24T22:55:41+09:00,감상문,[],"오래전 피케티라는 프랑스 학자가 발표한 21세기 자본이라는 책 따르면 자산의 증가율이 노동 수입보다 훨씬 크기 때문에 세계의 부는 시간이 갈 수록 불평등이 심각해지고 있으며, 이를 막기 위해서는 자산세를 도입해야 한다고 했던 기억이 있다. 새삼스러울 것도 없다는 생각으로 머리속 한켠에 쭈욱 밀어 두었는데, 우연히 도서관에서 관련된 만화책을 발견하고 빌려왔다. 그래 돈이 돈을 번다는 말을 세상 사람이 다 아는데, 당신이 하려는 말은 뭔가 들어나 봅시다. 입을 삐쭉거리며 책을 펼쳐 읽기 시작했다. 격차를 인정하자 격차에 대한 언급부터 시작한다. 격차를 인정한다는 것은 격차의 존재를 인정하다는 것이지 그 존재의 당연성을 뜻하는 것은 아니다. 우리는, 적어도 나는 너무 당연하게 격차의 존재를 인정했고, 당연히 ..",0,ok,
314,https://blog.msalt.net/314,T.Viewer 오픈소스 하길 잘했네,2020-08-13T22:41:26+09:00,나의 경험담,[],"Cross Platform Tizen Log Viewer의 산출물 T.Viewer의 버전을 1.0.0 으로 올린지 열흘정도 지난것 같다. 1.0.0의 의미는, 최소한의 핵심 기능이 갖춰지고 세상에 나갈 준비가 되었다는 것이다. 수많은 버그가 1.0.x 에서 수정되겠지만ㅎ 1을 찍었다는 것에 나름의 의미가 있다. 홍보는 준비 중 아직 홍보를 하지 않아서 많이 알려지지 않았다. YouTube에도 올리고, Facebook, 인스타그램에도 올릴 예정이다. 내가 만든것을 홍보하는 것이 조금 낮 부끄럽게 느껴지기도 하지만, 내가 아끼지 않고, 내가 당당히 소개하지 못할 것이었다면 애초에 만들지도 말았어야 한다.ㅋ 개인 SNS를 통해서라도...최소한의 홍보를 해주는 것이 부모된 도리다.ㅋㅋㅋ 오픈소스 프로젝트라도 마..",0,ok,
313,https://blog.msalt.net/313,[T.Viewer 개발일기] 13. Release 준비,2020-08-09T22:28:23+09:00,나의 경험담,[],"Tizen Log Viewer의 개발을 시작하게 된 계기는, 작년에 타이젠을 이용한 해커톤 행사에서 참가자들로부터 로그 보는 것이 너무 불편하다고 많이 의견을 받았기 때문이다. 간단하게 만들어 볼라고 개인적으로 시작을 했는데, 늘 그렇듯 먹고 사는 일에 치여서 미루고 미루다가 올해 또 해커톤을 한다고 해서...바짝 준비했다.ㅋㅋ 막상 사람들에게 소개하려고 하니 그것도 준비가 적잖히 필요한것 같다. (2020 온라인 해커톤) 서울 하드웨어 해커톤 탑메이커 - 언택트 시대 필요한 기술 편 우선, 가벼운 오픈소스 프로젝트이기 때문에 별도의 사이트나 배포처를 만들지 않고, 오로지 github 만으로 채널을 단일화해서 진행을 해보려고 한다. 몇가지 참조해 볼 만한 프로젝트를 찾아봤는데, VS Code 프로젝트가 ..",0,ok,
312,https://blog.msalt.net/312,[T.Viewer 개발일기] 12. Optimization,2020-08-09T13:47:34+09:00,나의 경험담,[],"Tizen Log Viewer 개발이 어느덧? 끝나간다. 아직 넣고 싶은 기능은 많지만, 그것을 내가 결정하기 보다는 주요 기능을 갖추고 얼른 사용자들 손에 쥐어준 다음 뒷일을 결정하기로 했다. 요즘 개발 트렌드.ㅎ 마지막으로 마무리 하는 과정에서 있었던 몇 가지 이야기를 정리해 봤다. resource pre-load boilerplate 코드의 index.html파일을 보면 아래와 같이, font를 CDN으로부터 받아오도록 되어 있다. 용량도 얼마 안되는거 바이너리에 포함시키자. 오프라인에서도 잘 쓸 수 있게. 일단 아이콘 폰트는 Material Design Icons를 사용하고 있는데, 이 부분은 공식 사이트에 가이드가 잘 되어 있다. src/plugins/vuetify.js 구조가 왜 있나 했는데,..",0,ok,
311,https://blog.msalt.net/311,"[독후감] 조화로운 삶 - 헬렌 니어링, 스코트 니어링",2020-08-08T21:56:07+09:00,감상문,[],"누나의 책 꽂이에서 찾은 책. 보리 출판사의 누런 종이를 보니 녹색 평론이 생각난다. 역시 책의 내용도 비슷한 채취를 풍긴다. 충분히 교육 받은 사람이 도시를 떠나 농촌으로 귀향에 땅을 경작하고 필요한 물건을 손수 만들면서 자연에 순응해서 살아가는 이야기 이다. 누나가 이런 책만 읽으니까 그렇게 녹색으로 변한것 아닌가 생각을 해봤다. 상당히 많은 부분 공감을 하고, 세상과 자연에 대한 남다른 의미부여에도 동의하지만 완전히 동의할 수도 없고, 곧이 곧대로 그 들의 주관적인 느낌이나 감정을 받아 드릴 수는 없었다. 하나의 예를 들자면, 시골에서의 식사를 소개하는 부분에서 상대적으로 단촐한 식사, 제한된 음식들에 대한 이야기를 했다. 이를 두고 기름지지도 풍족하지도 않지만 건강하고 맛있는 식사이며, 충분한 영..",0,ok,
310,https://blog.msalt.net/310,[T.Viewer 개발일기] 11. ACE Editor,2020-08-06T01:09:33+09:00,나의 경험담,[],"Tizen Log Viewer 개발은 Web 기반 ACE Editor가 있었기에 쉽고 즐겁게 진행할 수 있었던 것 같다. 귀찮고 복잡한 일들의 상당수를 editor가 처리해주었다.ㅋ Ace editor는 웹을 위한 고성능 코드 에디터를 표방하는 오픈소스 커뮤니티 프로젝트이다. vim 이나 sublime과 어깨를 나란히 한다고 한다니, 별 하나 드리고 시작한다. Ace is an embeddable code editor written in JavaScript. It matches the features and performance of native editors such as Sublime, Vim and TextMate. Edit mode Ace editor를 사용하는 방법은 설명도 잘되어 있고, 예제도..",0,ok,
309,https://blog.msalt.net/309,[T.Viewer 개발일기] 10. regex 정규식 검색,2020-07-30T22:37:36+09:00,나의 경험담,[],"Android logcat이나 VS Code의 검색창을 보면 Regex 체크박스가 있다. 우리도 지원해 줘야 할 것 같아서, 지난번에 체크 박스는 넣어놨는데. 로직은 어떻게 하지? 아, VS Code랑 똑같이 하믄 되겠다! 흐흐 오픈소스 묻어가기. VS Code의 로직 엿보기 유명한 오픈소스 프로젝트 답게 소스 정리가 아주 잘 되어 있다. 쉽게 찾을 수 있었다. FindModelBoundToEditorModel class 에서, private research 메소드가 호출될 때 _findMatches에서 editor 인테페이스의 findMatches 메소드를 호출 함으로써 매치되는 Range Array를 리턴받는다. /** * Search the model. * @param searchString The..",0,ok,
308,https://blog.msalt.net/308,[T.Viewer 개발일기] 9. Vuetify 소소한 수정,2020-07-26T22:44:34+09:00,나의 경험담,[],"굳이 하나의 글로 뽑아서 쓸만한 내용인가 싶은 소소한 수정 사항을 적어봤다. Vuetify 진짜 편하다. 쉽고 빠르게 깔끔한 UI 만들 수 있어서 넘 좋다. 레퍼런스도 많고, QnA도 많아서 개발하기 참 좋다. v-icon v-icon은 아이콘을 쉽게 사용할 수 있는 컴포넌트이다. Bootstrap과는 달리 attribute나 property에 값을 넣는게 아니고, text 값에 따라서 아이콘이 변경되는 것이 독특하다. Material Design Icons의 아이콘 들은 간단하게 mdi- prefix를 붙이고 사용할 수 있다. mdi-filter Material Design와 Font Awesome을 사용할 수도 있는데, 추가로 설치가 필요하다. install-material-icons v-select..",0,ok,
307,https://blog.msalt.net/307,Tizen .Net Xamarin.Forms - Navigation,2020-07-22T22:48:01+09:00,타이젠 Tizen,[],"MVVM 패턴이 적용된 Tizen Xamarin.Forms Application을 만들 때 고민되는 Navigation에 대해서 정리해 본다. Navigation이 고민되는 이유는 View의 전환인데, View Model에서 처리하는 경우 View Model이 View에 의존성을 갖게되는 부분이 MVVM의 철학과 배치되기 때문이다. 그외에도 파라미터를 제대로 넘겨주는 것과 navigation 중에 적용되어야 할 규칙을 확인하는 등의 문제가 있는데, Navigation Service 클래스를 만들어서 이런 부분을 해소하려 한다. 핵심 내용은 지난 번에 소개한 그 책에서 소개된 내용이다. Enterprise Application Patterns - Navigation 핵심 컨셉은 비슷하지만 구현 내용은 좀 ..",0,ok,
306,https://blog.msalt.net/306,Tizen .Net Xamarin.Forms - MVVM 적용,2020-07-16T22:56:19+09:00,타이젠 Tizen,[],"Tizen에서 구동하는 .Net Xamarin.Forms Application을 잘 만드는 방법에 대한 고민으로 MVVM 패턴에 대한 이야기를 해볼까 한다. 앱 개발에는 MVC, MVP, MVVM등 다양한 소프트웨어 아키텍쳐 패턴이 사용된다. Architecture Pattern은 말그대로 많이 쓰여서 패턴화 되어있는 SW 구조라고 생각하면 된다. 디자인 패턴에 대해서도 몇번 언급을 했는데, 패턴은 그냥 써도 중간 이상이지만 잘 알고 쓰면 150점이다. MVC, MVP, MVVM 모두 변하는 것과 변하지 않는 것을 분리하고, 그것을 통해 Decoupling 된 모듈로 변화에 쉽게 대응할 수 있는 구조를 만들기 위한 고민의 산물이다. 좋은 설명이 많으니까 링크로 설명을 대체한다. 선정 기준은 그림이 참신했..",0,ok,
305,https://blog.msalt.net/305,[T.Viewer 개발일기] 8. PoC 검증,2020-07-12T22:04:46+09:00,나의 경험담,[],"한 동안 손을 못대고 있다가 갑작스럽게 다시 시작했다. 여름에 해커톤이 있다는 첩보를 접수했기에 거기에 사용 될라믄 빨리 만들어야겠다 싶어서. 서두르고 있다. 1월에 마지막으로 PoC하다 말고 손을 놨더라. 얼른 PoC를 정리해서 코드를 올려보았는데, PoC의 마무리는 검증으로! Travis가 Window용, Linux용 바이너리를 생성해서 올려주었다. T.View Release 점검항목 정하기 몇가지 항목들을 뽑아 보았다. 실사용에 걱정되는 부분들 위주로. 로그 정상 출력 확인 로그 3만라인 이상 버벅거림 없는지 드랍 없이 출력되는지 동시에 여러 탭이 동작 가능한지 확인 로그 탭에 10개까지 추가 서로 다른 간단한 필터 적용 다양한 기기 동작 확인 저사양 pc, 노트북 윈도우, 리눅스에서도 잘 동작하는..",0,ok,
304,https://blog.msalt.net/304,Tizen .Net Xamarin.Forms - CI 적용,2020-07-08T19:14:55+09:00,타이젠 Tizen,[],"Tizen에서 구동하는 .Net Xamarin.Forms Application을 잘 만드는 방법에 대해서 몇가지 주제를 포스팅하려 하는데, CI Continuous Integration 에 대해서 먼저 정리해 볼까 한다. 요즘 CI 없이 개발하는 일은 매우 드물다. 한번 쓰면 안쓰고 개발하는 것이 영 불편하다. CI는 개발 환경 구성에 따라서 적용 방법이 달라지는데, Example repo에 CI 적용한 내용을 간단히 정리해 둔다. Travis 많이들 쓰는 CI 서비스다. github이랑 연동이 잘 되어 있다. .Net Xamarin app의 테스트와 배포도 쉽게 적용이 가능하다. 적용하는 방법은 매우 간단하다. root에 .travis.yml 파일을 생성해두고, https://travis-ci.org/..",0,ok,
303,https://blog.msalt.net/303,[T.Viewer 개발일기] 7. 모방은 창조의 어머니,2020-07-05T22:04:58+09:00,나의 경험담,[],"Electron과 Vue, Vuetify로 만든 Cross Platform Tizen Log Viewer - T.Viewer 일곱 번째 일기 난관을 만났다. 어쩌지. log text가 업에이드 될때마다 binding 된 text를 업데이트하니까 성능이 너무 떨어진다. 당연히 그렇겠지 그것은 그런 용도로 만들어진것이 아닐테니. 이럴때는 비슷한 용도로 만들어진 모듈을 찾아보는게 좋다. 선각자들의 지혜를 빌려서 빠르게 문제를 해결해보자. 참고할 만한 기준점 찾기 딱히 난관을 만난것이 아니라도, 레퍼런스가 될만한 프로젝트, 모듈, 기술을 사전에 좀 조사해 보는 것이 좋다. 내가 미쳐 생각하지 못했던 아이디어나 구현 방법등을 참고할 수도, 새롭게 만들 수도 있는 귀한 소스가 된다. 동일 기술 레퍼런스 뿐만 아니라..",0,ok,
302,https://blog.msalt.net/302,Tizen .Net Xamarin.Forms - Project 구조,2020-07-02T23:56:03+09:00,타이젠 Tizen,[],".Net Xamarin을 사용해서 Tizen에서 돌아가는 좋은 앱을 만드는 방법에 대해서 고민하고 공부하면서 알게된 내용들을 적어 볼까 한다. 순번을 따로 매기지 않은 것은 주제별로 가볍게 적은것이라 따로 순서를 정하지 않았다. 레퍼런스 가이드를 작성하는 것은 아니고, 경험과 참고 자료를 바탕으로 내 방식에 대해서 소개하는 글이니까 혹시 누군가가 가져다 쓴다면 책임감을 갖고 분별력있게 사용하길...ㅎ 오늘은 기본 project 구성에 대해서 글을 남겨 보려 한다. 매번 만드는 거라, 첨부터 이렇게 만들어졌으면 좋겠다는 생각도 한다. Shared project와 Test 기본 Project는 내가 잘 쓰는 구조다. Shared project에 플랫폼 독립적인 코드를 작성하고, .Test 프로젝트에는 Sha..",0,ok,
301,https://blog.msalt.net/301,[T.Viewer 개발일기] 6. PoC를 먼저 해보자,2020-06-27T17:37:27+09:00,나의 경험담,[],"Electron과 Vue, Vuetify로 만든 Cross Platform Tizen Log Viewer - T.Viewer 여섯 번째 일기 PoC는 Proof of Concept 의 약자로 개념을 증명한다는 뜻으로, 일반적으로 프로토타입을 만들어 보는 것과 비슷하다. 비슷하지만 다른 개념이고, MVP라는 개념도 가끔 혼용되어서 막 사용되는데, 셋다 기본적인 목적은 동일하다. 프로젝트에서 중요한 부분을 실제 개발에 앞서 확인해 보고자 함이다. PoC. Prototype, MVP에 대한 차이는 아래 포스트를 참고하면 좋을듯. POC,Prototype, MVP를 구별하여 사용하자! T.Viewer Project에서 PoC 나는 프로젝트를 진행하면 꼭 PoC를 가장 먼저 해본다. 프로젝트를 진행할 때, 어려움..",0,ok,
300,https://blog.msalt.net/300,"mDNS, DNS-SD - Discovery 문제 IGMP를 확인하자",2020-06-25T00:31:44+09:00,기술 이야기,[],"mDNS는 Multicast DNS라는 기술이고, DNS-SD는 DNS Service Discovery라는 기술이다. 둘다 로컬 네트워크의 다른 기기를 검색하기 위해 논의되고, 개발되어 널리 사용 중이다. 대표적으로 구글 크롬캐스트가 mDNS를 사용중인데, 사실 나는 크롬캐스트의 시나리오를 차용하고 싶어서 알아보다가 알게되었다. 널리 익숙하게 사용되는 방식은 그 자체만으로도 큰 가치가 있다고 생각한다. Chromecast#Device_discovery_protocols 거기 누구 없소? 로컬 네트워크에서 다른 기기를 검색하는 일은 매우 중요하다는 것은 알았지만, 그 동안 어떤 일이 있었는지 잘 몰랐다. 사실 아직도 잘 모른다. 다만, 오랜 시간이 지나서야 Window나 Mac, Android 구분 없이 ..",0,ok,
298,https://blog.msalt.net/298,[.NET] A callback was made on a garbage collected delegate of type,2020-06-11T23:13:21+09:00,기술 이야기,[],"잘 동작하던 API가 갑자기 죽네. 동일한 코드가 샘플앱에서 정상동작 하는 것까지 확인했는데,,,흠... A callback was made on a garbage collected delegate of type GC에 의해 해제된 delegate 델리깃에 접근해서 발생하는 Exception Callback delegates being collected? 질문이 벌써 몇개 있었다. 답변이 아주 간단 명료하다. That's the problem statement. FMod is unmanaged code. You are creating a delegate object here and passing it to the unmanaged code. Problem is, the garbage collector c..",0,ok,
297,https://blog.msalt.net/297,C# .NET IDisposable을 이용한 Dispose pattern과 SafeHandle,2020-05-26T23:41:01+09:00,기술 이야기,[],"C# .NET에서는 효율적이 메모리 관리를 위해 Dispose pattern과 SafeHandle의 사용이 권장된다. 짧게 요약해 보았다. For the majority of the objects that your app creates, you can rely on .NET's garbage collector to handle memory management. However, when you create objects that include unmanaged resources, you must explicitly release those resources when you finish using them in your app. Cleaning Up Unmanaged Resources 대부분의 경우, 쓰레기..",0,ok,
296,https://blog.msalt.net/296,"[독후감] 90년생이 온다 - 간단함, 병맛, 솔직함",2020-05-20T11:02:03+09:00,감상문,[],"90년생이 온다라는 책이 핫하다. 문프랑 와이프가 추천해줘서 읽으려고 사내 도서관에 예약해둔지 6개월이 지나서야 차례가 와서 읽게 되었다. 트렌드, 세대 분석 이런 류의 책을 좋아하지 않지만 차례가 되었다니 의무감으라도 읽어야 할 것 같아서 읽었다. 의외로 요즘 내 고민들과 연관이 있는 부분이 많아서 재미있게 읽었다.ㅎ 인상적인 부분에 대한 짧은 메모를 남겨둔다. 다음 세대에 대한 관심 이런류의 분석이 유익하지 않다는 생각을 많이 했는데, 긍정을 한 스푼 첨가했더니 이것도 소통을 위한 노력이고 관심일 수 있겠다는 생각이 들었다. 사실은 그들의 호주머니를 털고, 단물 쏙 빨아먹으려고 분석하는 것일지라도, 어째든 사회 갈등 완화에 도움이 되겠다는 생각이 들었다. 내가 다음 세대에 대해서 고민하고, 공부하듯이..",0,ok,
295,https://blog.msalt.net/295,오픈소스로 개발하면 좋은점 - 1,2020-05-19T00:17:24+09:00,기술 이야기,[],"오픈소스로 개발하면 좋은 점은 엄청 많은데, 다 적기는 귀찮아서 1이라는 숫자를 붙이고 지금 생각난거 하나만 적어본다.ㅎ 오픈소스는 결과보다 과정을 중요하게 되는 효과가 있다. -맛소금 아주 오래전 내가 회사에 입사해서 개발자로서의 삶을 시작할 때, 심각한 시장 문제가 나오면 상무님이 결론 회의실로 담당자들을 집합시켰다. ""이 세상에 버그없는 SW는 없다"" 는 말로 부드럽게 시작하시지만, 결국은 최종 코드 작성자를 찾아서 아주 개박살을 내고 회의를 마친다. 무엇이 잘 못 되었는지 앞으로의 대책은 무엇인지, 어떻게 고쳐야 할지에 대한 고민은 별도로 진행되지 않는다. 아니 진행은 추후에 따로 진행된다. 개박살 나는 꼴을 보고 사람들은 겁을 먹고, 뭐가 문제였는지 스스로 각자 자신의 코드를 점검하고, 알아서 ..",0,ok,
294,https://blog.msalt.net/294,"circleci, docker, ssh 그리고 github 연동의 슬픈 이야기",2020-05-13T22:54:12+09:00,나의 경험담,[],"github에 circleci를 연동하는 과정에서 겪었던 슬픈 이야기를 조근 조근 읊어보려 한다. ssh fingerprint 와 known_hosts ssh는 비대칭키를 사용하는데, 이때 host의 암호키에 대해서 fingerprint를 확인하는 절차를 거친다. ssh가 널리 사용되는 만큼 자주 접할 수 있는 그 질문! ""니가 접속하려는 host의 암호키 fingerprint가 이건데, 맞아?"" 솔직히 이 fingerprint 진짜 대조해 보는 사람이 있을까 싶지만, 그런 헛점을 이용하면 아이디 / 패스워드 빼먹는 일은 별로 안 어려울 것 같다는 생각도 든다. 어째든, host의 암호키 fingerprint를 확인하는 절차를 거친 후에 ssh 연결이 진행되는데, 확인된 공개키는 ~/.ssh/known_..",0,ok,
293,https://blog.msalt.net/293,Android Jetpack은 API가 아니다,2020-05-11T00:11:03+09:00,기술 이야기,[],"많은 사람들이 안드로이드 API처럼 사용하고 있는 Jetpack은 API가 아니다. Android Jetpack은 품질이 좋은 Application를 만들 수 있게 도와주는 라이브러리와 개발 도구이다. 사실 별로 중요한 것은 아니다. 개발자는 그냥 쓰면 된다.ㅋ 그냥 쓰면 될 수 있게 만들어 놓은 그 이유에 대해서 생각해 보았다. API란 무엇인가 API는 Application Programming Interface의 약자로 Application 개발자들이 특정 기능을 쉽게 구현할 수 있도록 사용하는 외부 모듈과의 연결 고리이다. 인터페이스! API(Application Programming Interface, 응용 프로그램 프로그래밍 인터페이스)는 응용 프로그램에서 사용할 수 있도록, 운영 체제나 프로..",0,ok,
292,https://blog.msalt.net/292,"C# async, await와 TAP 놀랍지만...",2020-04-23T00:16:07+09:00,기술 이야기,[],"Task Asynchronous Programming에 대해서 Microsoft에서 소개한 글을 읽고 간단하게 정리해 보았다. 국문도있지만, 기계 번역이라 이해하기 쉽지가 않다. 비동기 프로그래밍 규칙적인 시간 관계가 없는 것으로, 임의의 사상의 출현을 말하고 프로그램 실행에서는 명령순서 예측이 불가능한 것 - 비동기 비동기 프로그래밍은 비동기적으로 실행되는 부분을 포함한 프로그램을 구성하는 것이다. 비동기적 실행이라는 것은 실행의 종료시점과 실행주체가 동기화 되지않고 실행되는 것이다. 쉽게 설명하자면, 정확히 언제 끝날지 모르는 일이다. 비동기 프로그래밍의 대표적인 경험은 Web일 것이다. Javascript는 비동기 콜백이 엄청나게 많다. 너무 많아서 콜백 지옥이라고도 표현한다.ㅋ 익숙해지면 익숙한대..",0,ok,
291,https://blog.msalt.net/291,[독후감] 교실 속 자존감 - 함께 행복하자!,2020-03-28T21:09:18+09:00,감상문,[],"하버드대 조세핀 교수님의 교사를 위한 자존감 코칭이라는 책인데, 딱히 내가 교사라서 그런 것은 아니고 요즘 집에서 아이들 가르칠 일이 많으니까 그냥 한 번 휙 읽어볼 요량으로 집어 들었다. 내용은 예상한 대로지만 그래도 좋았다. 건강한 음식, 착즙 주스 한잔 쭈욱 들이킨 기분이다. 교사가 얼마나 위대한 직업인지 이 책은 교사들에게 자존감의 중요성에 대해서 설파하고, 가이드를 하고 있는 내용이지만 동시에 교사들의 자존감을 한껏 높여 주는 책이기도 하다. 교사들이 얼마나 위대한 일을 하고 있는지 위로와 격려를 느낄 수 있었다. 저는 대학원 강의가 끝나면, 몇몇 학생들에게 바로 이메일을 보냅니다. 지나치게 피곤해 보였거나 불만에 차 있는 듯 보였던 학생들에게 보내는 것입니다...교사란 학생들의 인생이 변할 수..",0,ok,
290,https://blog.msalt.net/290,Shared Library가 링크되는 과정,2020-03-23T23:16:35+09:00,기술 이야기,[],"컴파일과 링크 과정을 잘 정리해 둔 글은 많이 있다. 찾아보고 잊어버리기를 반복하는데, 날이 갈수록 더 잘 정리해 두니까 더 기억을 안하게 되는것 같다.ㅋㅋㅋ 내가 궁금한 것은 Shared Library는 Dynamic Linking 된다고 하는데, 왜 Compile time에 shared library file이 필요한가였다. 이유는 Compile time의 Static linking 과정에서 reference를 저장해 두었다가 Dynamic Linking 시점에 메모리에 올려진 Shared Library의 실제 주소가 reference와 연결되기 때문이며, 그래서 추가로 메모리가 필요치 않다. 그래서 Shared Library. compile process Static vs Shared Librari..",0,ok,
289,https://blog.msalt.net/289,[독후감] 숨결이 바람 될 때,2020-03-09T23:22:36+09:00,감상문,[],"2년 전에 선물받은 책 숨결이 바람될때를 읽었다. 이미 알고 있지만 모른척 하고 싶고, 마주하게 될 것을 알지만 마주하고 싶지 않은 죽음에 대한 이야기다. 어떤 내용일 것을 알기에 읽는 것이 망설여졌지만, 더는 책상에 꼽아두고 싶지도 않아서, 코로나로 길어진 시간을 이용해서 잔잔히 읽어 보냈다. 내용은 생각했던대로 아주 그대로다. 모리와 함께한 화요일. 한나의 선물이 생각났다. 둘 다 오래전에 읽었는데, 그 때 마음이 생생히 떠오르는 것 같았다. 죽음이라는 것은 잊혀진채로 살 수 있는 것 같지만, 언제나 삶과 함께 있다. 죽음 자체가 힘든 것 보다는 사랑하는 사람들과의 이별이 더 큰 고통이며, 슬픔일 될 것 같다. 그런 의미에서 사랑하는 사람의 죽음은 어쩌면 나의 죽음 중 일부나 다름 없다. 떠나버린 그..",2,ok,
288,https://blog.msalt.net/288,[SMTM 개발일기] 3. 개발환경 및 프로젝트 구조,2020-02-24T23:57:58+09:00,만들기,[],"Python Algorithm Trading System 개발일기 파이썬은 조각 조각 찔끔 찔끔 개발해 봤을 뿐이지 하나의 프로젝트를 구성해 본 적이 없었는데, 이번에 좀 알게되었다. 대단한건 아니고, 그냥 적당히 하면 될 것 같다.ㅋ 프로젝트 구조 구조를 어떻게 가져가야 할지. 일반적인 구조는 어떻게 되는지 찾아보고 따라 가기로 했다. 늘 그랬듯이...ㅋ ROOT ├── setup.py └── simulator ├── __init__.py ├── module.py └── tests ├── __init__.py └── test_module.py 이래 저래 말이 많은것 같은데, 그냥 적당히 위와 같은 구조로 고고! 어떻게 설치하지? 일단, 프로젝트 구조는 정해졌고, 프로젝트에서 산출물이 나오면 실행하는 부..",2,ok,
287,https://blog.msalt.net/287,개발자에게 뽀모도로 기법이란?,2020-01-16T00:12:15+09:00,나의 경험담,[],"개발자에게 뽀모도로 테크닉은 정신과 육체를 보호할 수 있는 기본적인 자기 방어수단이다! 요즘 내가 참 애정하는 뽀모도로 기법에 대해서 개발자 입장에서 이야기를 풀어보려한다. 토마토 시간 관리 방법 뽀모도로 기법은 단순한 시간관리 방법이다. 할 일을 정하고, 25분 내외의 시간에 타이머를 맞추고 그 일에 집중한다. 타이머가 울리면 5 ~ 10분 가량 휴식을 취하는데, 이때도 타이머를 사용한다. 휴식 시간이 끝나면 다시 할 일을 정해서 집중한다. 프란체스코 시릴로가 대학생 시절 토마토 모양으로 생긴 요리용 타이머를 이용해 25분간 집중 후 휴식하는 일처리 방법을 제안한데서 그 이름이 유래했다. - 위키백과 개발자에겐 과부하 방지회로 예전에 이 기술에 대해서 처음 들었을 때, 좋은 느낌이 아니였다. 쉬었다가,..",0,ok,
286,https://blog.msalt.net/286,[T.Viewer 개발일기] 5. 단위 테스트를 합니다,2020-01-08T23:24:12+09:00,나의 경험담,[],"Electron과 Vue, Vuetify로 만든 Cross Platform Tizen Log Viewer - T.Viewer 개발일기의 다섯번째는 단위 테스트! 개발 환경이 모두 갖춰져서 이제 즐겁게 개발을 시작하면 된다. 이번에는 TDD 개방 방식을 적극 사용하려 한다. 처음부터 끝까지 꼼꼼하게! with Unit Test! 왜 TDD인가 TDD는 Test-Driven Development를 뜻하며, 테스트 위주로 개발을 한다는 것이다. TDD 자체에 대한 설명은 생략하고, 내가 왜 TDD를 선택하게 되었는지에 대해서 짧게 적어본다. 간결한 코드를 구성하게 된다. 코드를 작성하기 전에 개발자는 요구사항이 이해해야 한다. 이해한 요구사항이 간단한 경우 별다른 어려움이나 이견없이 간단한 코드가 쉽게 도출이..",0,ok,
285,https://blog.msalt.net/285,절대 평가란 없다,2020-01-04T23:17:56+09:00,사람생각,[],"요즘 절대 평가가 화두가 되고 있는것 같다. '동료와 경쟁하는 상대평가에서 어제의 나와 경쟁하는 절대평가로' 라는 글을 읽고 아주 짧게 내 생각을 적어본다. 절대 평가의 의미가 비교 대상이 동료가 아니라 내가 된다는 것이라면 그것은 정말 어처구니가 없을 만큼 잘못된 일이 아닐까싶다. 그런 절대 평가란 없어야 한다. 나는 인사 전문가도 아니고, 평가 전문가도 아니지만 나름 주인의식을 갖고 내 회사다 생각하면서 오랫동안 회사의 제도에 대해서 고민을 많이 해봤다. 가장 문제라고 생각되는 2가지 문제가 고정 비율의 평가제도와 MBO의 평가 연동이라고 생각한다. 그런점에서 목표와 평가를 분리해야 한다는 부분은 매우 공감이 되었다. 하지만 평가 부분은 조금 생각이 다른 것 같아서 내 생각을 정리해본다. 절대적인 기..",0,ok,
284,https://blog.msalt.net/284,[독후감] 2020 부의 지각변동 - 경제 공부를 통해 줏대를 갖자,2019-12-17T00:02:46+09:00,감상문,[],"2020 부의 지각 변동을 읽었다. 2020년에 대한 전망이기도 하지만, 전체적으로 경제의 흐름에 대해서 아주 쉽게 설명을 한 책이니까 경제 흐름에 관심이 있다면 편하게 한 번 휙 읽어보길 권하고 싶다. 글자수도 매우 적고, 내용도 쉽기 때문에 책 읽는 거 부담스러워하는 사람에게 추천해 주면 좋을 것 같다. 근데, 사서 읽기는 좀 아까운 내용인것 같다. 이미 알고 있는 내용도 많고, 깊게 생각해 보며 읽어볼만한 내용이 별로 없어서 가능하면 도서관에서 빌려서 휙~ 읽고 치우는 것을 추천한다. 친구들한테 추천해줘야징. 2020년에 부의 지각변동이 일어날 것인가? 지각변동은 어쩌면 위기를 뜻하고, 동시에 고통을 뜻하면서도 그 안의 기회를 표현 할 수 있는 적당한 표현인것 같다. 하지만 일반적으로 지각변동은 위..",0,ok,
283,https://blog.msalt.net/283,[SMTM 개발일기] 2. 시뮬레이터 요구사항 정리,2019-12-13T23:23:19+09:00,만들기,[],"Python Algorithm Trading System 개발일기 시뮬레이터를 먼저 만들어 보려는데, 어떻게 만들면 좋을지 생각해 보았다. 사용자 관점으로 요구 사항을 적어본다. 요구사항 과거 특정 기간의 가격 정보를 기반으로 알고리즘의 수익률 및 각종 데이터를 산출해 준다. 알고리즘에 의한 거래 실제 거래 성사 여부 및 시장의 가격 변동은 반영 되지 않는다. 알고리즘의 거래 요청에 대한 승인 여부를 체결 정보로 반환하고, 그 체결 정보를 기준으로 수익을 계산한다. 체결값은 알고리즘이 요청한 값에 적당한 옵셋이 적용되며, 옵셋 및 거래양 제한등에 대해서 별도 설정이 가능하다. 기간과 정보 단위(분봉, 시봉, 일봉 등)는 변경 가능하다. 기간내에 그래프와 매수, 매매에 대한 시각적 표시를 제공한다. 수익률..",0,ok,
282,https://blog.msalt.net/282,타이젠은 당신의 손길을 기다립니다.,2019-12-03T20:31:24+09:00,타이젠 Tizen,[],"타이젠 오픈소스 프로젝트 컨트리뷰터가 되어 주세요. 타이젠에 기여할 수 있는 작지만 중요한 일을 소개합니다. 타이젠 개발자 사이트 Documents Repository 소개 타이젠 개발자 사이트도 문서 컨텐츠를 다른 오픈소스 프로젝트들 처럼 관리하고 있다. Tizen Docs에서 관리되고 있으며, 누구든지 자유롭게 수정하여 PR을 생성할 수 있다. PR은 리뷰 후에 머지되면, 개발자 사이트에서 자신이 기여한 내용을 확인 할 수 있다! 자세한 방법은 가이드를 보고 확인해보자. Contributing 문서 컨티리븃을 통해 타이젠 배우기 유명한 오픈 소스 프로젝트들은 자료가 참 많다. 가이드도 많고, 문제 해결 방법도 다양하게 공유되고 있으며, 심지어 국문 자료들도 많이 생산되고 있다. 대부분의 오픈소스 프로..",0,ok,
281,https://blog.msalt.net/281,[T.Viewer 개발일기] 4. 개발 일정 정하기,2019-11-11T22:51:56+09:00,나의 경험담,[],"Electron과 Vue, Vuetify로 만든 Cross Platform Tizen Log Viewer - T.Viewer 개발일기의 네번째 이야기는 개발 일정 정하기 개발 일정은 큰거하나 작은거 하나만 두고, 너무 공을 들이지 말고 그때 그때 업데이트 하면서 진행하는 것을 선호한다. 에자일스럽게. 언제나 동작하는 소프트웨어 상태를 유지하자! 큰 그림을 그려보면서 할 일을 대충 쭈욱 적어본다. 이 때 가장 중요한 것은 처음 목표로 했던 USE CASE 또는 Feature list를 모두 만족할 수 있어야 한다. USE CASE에 언급되어 있지 않은 큰 일도 많이 있다. 배포 산출물이나 개발 환경에 따른 큰 일 같은 것이 대표적이다. 최소한 이건 다 해야 동작하는 프로그램이 완성된다는 최소 조건 정도가 ..",0,ok,
280,https://blog.msalt.net/280,[SMTM 개발일기] 1. 파이썬으로 가상화폐 자동매매 시스템을 만들어보자,2019-11-06T23:18:09+09:00,만들기,[],"Python Algorithm Trading System 개발일기 T.Viewer에 이어서 개발 일기를 한 더 쓰게 되었다. 사실상 두개의 프로젝트가 동시 진행되게 되었다. 둘다 하고 싶은걸 어뜩해~ 당장 급한일도 아니니까 재미와 산출물의 퀄리티를 최우선으로 생각하면서 차분히 진행해 보려한다. T.Viewer는 목표가 크로스 플랫폼 로그 뷰어를 만드는 것이었고, 기술스택은 정해지지 않은채 진행이 되었다. (지금은 Electron + Vue) 하지만, 이번 SMTM프로젝트는 파이썬으로 데이터를 좀 주무르고, 혼자서 일을 할 수 있는 시스템을 만들어 보고 싶었던 것이 목표였다. 그 목표에 적당한 내용을 찾다보니 가상화폐 자동매매 시스템을 생각하게 되었다. 하나는 결과 중심, 다른 하나는 과정을 중심으로 프로..",1,ok,
279,https://blog.msalt.net/279,"[T.Viewer 개발일기] 3. Vue & Vuetify, Webpack",2019-10-28T23:29:00+09:00,나의 경험담,[],"Electron과 Vue, Vuetify로 만든 Cross Platform Tizen Log Viewer - T.Viewer 개발일기의 세번째 이야기 Vue를 사용해 볼까 해서 좀 둘러봤는데 넘넘 쉬웠다. Vuetify, Webpack까지 적용한 경험을 간단하게 정리해본다. Vue는 Vue cli로 Vue는 그냥 쓰면되는데, 막상 개발 환경을 구축하려면 귀찮아지는것이 사실이다. 웹 쪽에는 다양한 라이브러리와 프레임웍이 많아도 너무 많아서 선택이 괴로운 지경이다. 대충 골랐다가 합이 안맞아서 갈아 엎으면 그것도 넘 큰 고생이고, 진짜 초반에 개발 환경 구축하는 것이 쉽지가 않다. 그런 고민을 눈치채고 vue-cli 3를 만들었다고 한다. vue-cli 2에서 한단계 큰 진화가 있는것 같은데, 나는 3부터 ..",0,ok,
278,https://blog.msalt.net/278,[T.Viewer 개발일기] 2. 첫 앱 만들기,2019-10-21T22:14:37+09:00,나의 경험담,[],"Electron과 Vue, Vuetify로 만든 Cross Platform Tizen Log Viewer - T.Viewer 개발일기의 두번째 이야기 electron을 검색해보면 국문 블로그 글이 그렇게 많지는 않다. 우리나라에서 개발된 대부분의 데탑용 앱은 업무용이나 상업용이라서 그런것 같다. 근데, 블로그의 글을 보지 않고도 혼자 할 수 있을 만큼 공홈의 내용이 좋다. 정리가 잘 되어 있다! 내 블로그 글들을 보면 알겠지만 나는 가능하면 내 경험을 끄적이고 자세한 내용은 공홈을 참고하라고 얼버무리는 식이다. 시간이 지나면 내 포스팅은 유지 보수가 않되지만 공홈의 내용은 계속 관리가 되기 때문이다. 공식 홈페이지 문서를 읽어보자! 첫 앱을 만들기 많은 개발자들이 하듯이... 헬로 월드 먼저 한 번 찍어..",0,ok,
276,https://blog.msalt.net/276,"2019 가을, 라면인건가",2019-10-20T17:53:53+09:00,이달의 노래,[],"음악은 언제나 좋은 친구이며 삶의 동반자이다. 오랜만에 다시 만나면 반갑고 함께한 그 시절의 기억들이 새록 새록 떠오른다. 시간 가는 줄 모르고 옛 기억을 추억하며 나를 본다. 라면인건가 - 악동뮤지션 본능적으로 - 윤종신 Let's Do It Again - The Brand New Heavies Señorita - Shawn Mendes, Camila Cabello 삐삐 - 아이유 2002 - Anne Maire My Humps - Black Eyed Peas I'll Be There - 태양 Easy - Commodores Never Got Your One - 어쿠루브Acourve 좋다 - 데이브레이크 멋지게 인사하는 법 - Zion.T SILLY - 데이브레이크 Lullaby - Sigala, Pa..",0,ok,
275,https://blog.msalt.net/275,[T.Viewer 개발일기] 1. README.md로 시작,2019-10-15T17:30:33+09:00,나의 경험담,[],"Electron과 Vue, Vuetify로 만든 Cross Platform Tizen Log Viewer - T.Viewer 개발일기 시작! 처음으로 개발일기를 써보기로 했다. 많은 개인 프로젝트를 진행했지만 내가 고민하는 것들 중요하게 생각하고, 힘들게 결정했던 것들에 대한 정리를 따로 해놓은 것이 별로 없었는데 이번에는 그런 모든 내용들을 정리하면서 오픈소스로 개발을 해보려고 한다. 재미도 있으면 더 좋겠지만 개드립은 자제하고 간결하지만 솔직 담백하게 개발자의 일기를 적어보려 한다. 어떤게 좋다 어떤 방식이 기술적으로 훌륭하다 이런 것을 증명하고 주장하는 것이 아니라 개발자로서, 개인 프로젝트를 시작부터 끝까지 진행하면서 느끼는 모든 것을 온전히 적어보고 싶다. T.Viewer 기획 사실 프로젝트를 ..",0,ok,
274,https://blog.msalt.net/274,[독후감] 인공지능 투자가:퀀트,2019-10-15T00:46:18+09:00,감상문,[],"인공지능, 소프트웨어, 투자, 퀀트에 관심있는 사람이라면 강력 추천!! 퀀트에 대해서 간단한 설명과 함께 퀀트의 간략한 역사로 시작해서 저자의 퀀트 생활 경험담이 훅 들어온다. 어렵지 않을 뿐만 아니라 개인의 경험담을 바탕으로 소설처럼 재미있게 이야기를 풀어가고 있어서 읽는 내내 흥미로운 생각이 많이 떠올랐다. 퀀트에 관심이 별로 없더라도, 소프트웨어 프로그래머라면 한번 쯤은 호기심을 갖어볼만한 내용들이 채워져 있어서 주변 개발자들에게도 추천해주고 싶다. 백테스팅과 시뮬레이션의 중요성 내가 가장 중요하게 생각하는 부분이었는데, 책에도 중요성이 잘 설명되어 있다. 시뮬레이션 없이는 알고리즘을 런칭하지도 않는다! 백테스팅 결과를 가지고 홍보하는 알고리즘 거래 서비스가 있던데, 데이터를 기반으로 홍보를 하니 ..",0,ok,
273,https://blog.msalt.net/273,에버랜드 판다 관찰 일기,2019-10-06T16:11:55+09:00,나의 경험담,[],"인형인가 판다인가! 사람인가 판다인가! 도무지 정체를 알 수 없는 귀여운 판다의 행동을 영상으로 담아 봤습니다. 대나무를 사람처럼 꺽고 뜯어서 입으로 우걱 우걱 적당히 먹고 어슬렁거리다가 퍼져서 낮잠을 쌔근쌔근 앞에서 보아도, 옆에서 보아도, 뒤에서 보아도 너무 귀여운 판다~! 그 동안 찍었던 사진들도 함께 올려서 공유합니다.",0,ok,
272,https://blog.msalt.net/272,타이젠 IoT를 활용한 텔레그램 스마트 CCTV 만들기,2019-09-17T23:23:12+09:00,타이젠 Tizen,[],"타이젠 IoT를 이용해서 움직임을 감지하고, 텔레그램으로 Push Notification을 전달하는 스마트 CCTV를 만드는 방법에 대해서 소개해 본다. 가끔 자는 둘째를 집에 두고 첫째를 데리러 가야 할 때가 있다. 10 ~ 20분 자리를 비우는 것이고, 일어나도 별일 없을 것이지만 여간 신경쓰이는 것이 아니다. 밖에 나가도 집에 무슨일이 없나 확인하고 싶을때, 카메라 영상을 분석해서 움직임 감지 알림을 받고 싶을때 적절한 간단한 IoT 기기를 만들어 보았다. HW구성은 라즈베리 파이에 USB 카메라가 전부이지만, SW는 타이젠 IoT 위에 타이젠 Application을 설치해야 한다. 코드가 간단하지는 않지만...무료! 오픈소스! 프로젝트 소개 타이젠 IoT를 소개하는 글들이 별로 없는 것 같은데, ..",0,ok,
271,https://blog.msalt.net/271,"설악산 대청봉 1박 2일 일출코스 - 백담사, 쌍용폭포, 봉정암, 소청, 중청 대피소, 오색 온천, 양양",2019-08-09T21:37:24+09:00,나의 경험담,"[""대청봉"", ""백담사"", ""설악산"", ""속초"", ""양양"", ""일출"", ""중청대피소""]","친구랑 술 마시다 말나온 김에 떠난 설악산 대청봉 1박 2일 일출 여행을 정리해본다. 백담사에서 시작해서 쌍용폭포과 봉정암을 지나 중청 대피소에서 하루 자고 대청봉에서 일출을 보고 오색으로 내려왔다. 원래 Plan A는 설악동으로 내려가서 속초가서 회한 접시 먹고 천천히 귀가하는 것 이었으나, 저녁에 일이 생겨서 오색으로 내려와서 온천하고 양양으로 가서 저녁먹기 전에 서울로 돌아왔다. 7월에 남자 둘이서 떠나는 산행이라서 작은 배낭 하나 들고 쉬엄 쉬엄 다녀왔다. 시원한 계곡물과 산바람, 푸르른 나무와 꽃 그리고 어딜가나 함께하는 다람쥐가 몸과 마음을 힐링시켜주는 즐거운 산행이었다. 1박 2일 산행은 처음이라 조금 긴장했었는데, 그렇게 힘들거나 다리가 아프거나 그런건 없었다. 굳이 비교하자면, 관악산 2..",0,ok,
269,https://blog.msalt.net/269,안되면 되게 하는 능력의 진실,2019-07-25T23:36:27+09:00,사람생각,[],"우리 나라에 만연한 성과주의에서 가장 칭송받는 안되면 되게 하는 능력에 대해서 생각해 보았다. 좋고 나쁨을 떠나서, 안되면 되게 한다는 것은 어떤 의미를 가지고 있는지. 그게 아무때나 막 사용될 수 있는 말인지 생각해 보았다. 문제해결 능력 안되면 되게 하라 예전에는 해병대나 특전사 같은 이미지였는데, 요즘은 일론 머스크나 스티브 잡스 같은 아주 멋진 느낌이다. 아무래도 비범한 문제 해결능력과 익숙한 것들에 대해 새로운 접근 방식을 보여왔던 사례들 때문이 아닐까 싶다. 많은 사람이 해결 하지 못했던 문제, 인류의 고민들을 너무나 멋지게 풀어낸 이야기는 많은 젊은이들이 그들을 추앙하게 만들었다. 그런면에서 안되면 되게 하는 능력은 도전 정신의 결정체이고, 안되면 되게하라는 서로를 응원하는 응원 구호처럼 쓰..",0,ok,
268,https://blog.msalt.net/268,[영화] 인터스텔라 - 누구나 좋아할 만한 SF영화,2019-07-02T00:17:33+09:00,감상문,[],"꼭 보라는 말을 너무 많이 들었지만 막상 손이 안가서 주저하다가 빌려봤다. 아주 흥미로운 과학 이론을 뛰어난 영상미와 드라마 같은 스토리에 잘 버무려서 아주 그럴싸하게 잘 만든것 같다. 물리학에 대해서 좀 아는 사람은 아는 사람대로, 모르는 사람은 모르는 사람대로 저마다의 시각으로 재미있게 볼 수 있을 것 같다. 이야기의 중심에 인간은 왜 사는 것일까라는 아주 근원적이면서도 아주 클래식한 물음을 배치하여 대중성을 잘 챙긴것 같다. 한마디로 남녀노소 누구나 흥미롭게 볼 수 있는 영화! 익숙한 이야기 지구의 멸망이 다가오고 가족은 흩어지고, 종족 번식을 위해 극단의 선택이 요구된다. 아주 아주 익숙한 설정과 전개지만 그래서 부담이 없다. 딸을 두고 지구를 떠난 아빠와 딸이 서로를 그리워하는 모습은 많은 아빠..",0,ok,
267,https://blog.msalt.net/267,nodeMCU Pushbullet HTTPS Handshake Fail Error: 40,2019-05-01T15:55:01+09:00,나의 경험담,[],"nodeMCU로 Pushbullet API를 이용하려 했으나 Error: 40 에러코드를 뱉으면서 연결이 안된다. 이것 저것 검색해봐도, 딱히 왜 안되는지 정확히 나와 있는 곳은 없고 심지어 잘된다는 블로그 글만 있는 것이 아닌가. 답답한 마음에 디버그 바이너리까지 넣어서 다른 서버에도 붙여보면서 테스트 해 보았지만 정확한 이유를 알 수 없어서 Stackoverflow에 글을 올렸고, Marcel Stör로부터 친절한 설명을 들을 수 있었다. 아래는 내 질문 글이며, 결론은 현재 nodeMCU는 SNI를 지원하지 않아서 Handshake 과정에서 서버가 Alert 메세지를 (Error 40) 내려보내고, nodeMCU는 handshake 과정을 종료하여 HTTPS 연결이 실패하게 된다. Why nodeM..",0,ok,
266,https://blog.msalt.net/266,nodeMCU D1 mini 동작감지하여 스마트폰 또는 PC에 Push 알림 전달하기,2019-04-14T22:14:25+09:00,만들기,[],"nodeMCU D1 mini와 인체 감지 센서 HC-SR501를 이용해서 사람의 동작을 감지한 다음 Pushbullet 서비스를 이용해 스마트폰과 크롬 브라우저에 Push 알림을 전달하는 프로젝트를 만들어 봤다. 철저하게 내가 필요해서 가성비 높게 쉽게 빨리 만들어서 사용할 수 있도록 만들어 봤다. 카운터를 비워두었는데, 손님이 방문 할 경우 스마트폰으로 알림이 가는 것이 핵심이다. 개별 사항은 어려운 내용이 별로 없을 것이라 생각했는데, 잘 안되서 삽질을 좀 했다. pushbullet API 서버와 https 연결이 안되어서 pushbullet에 직접 연결 할 수가 없었다. 우여곡절끝에 아주 지저분하게 만들기는 만들었는데, 절반은 실패한거나 다름없다고 생각한다.ㅠ 경험을 공유해본다. 구성과 동작 시나리..",0,ok,
265,https://blog.msalt.net/265,[영화] 바스터즈 나쁜녀석들 - 재미있고 짜릿하면서도 여운이 남는 영화!,2019-03-26T23:28:19+09:00,감상문,[],"킬빌에 이어서 쿠엔틴 타란티노 감독의 바스터즈 나쁜녀석들을 봤다. 너무 재미있게 봤고, 영화가 끝나고 나서도 여러 장면들과 다양한 생각들이 내 머릿속에 맴도는 것으로 보아 참 잘 만든 영화라는 생각이 든다. 보고 나서도 주위 사람들에게 많이 추천했는데, 나도 나중에 그 감흥을 조금이나마 다시 떠올릴 수 있게 여기에 글을 남겨둔다. 킬빌처럼 몇 개의 에피소드로 구분이 되어 있는데 시작부터 끝까지 긴장감을 유지시키는데 큰 도움이 되는 것 같다. 내가 집중력이 부족해서 그런지 반지의 제왕 같이 긴 대 서사극을 보면 좀 처지는 경향이 있는데, 킬빌도 그렇고 이번 영화도 처음부터 끝까지 집중해서 볼 수 있었다. 각각의 이야기는 따로 봐도 재미있고, 전체적으로도 진한 배경색을 공유하고 있어서 영화의 전체적인 이야기..",0,ok,
264,https://blog.msalt.net/264,"ESP8266 nodeMCU, D1 mini 개발환경 시작하기",2019-02-18T23:22:51+09:00,만들기,"[""iot""]","이제 때가 되었다 싶어서 IoT 프로젝트를 시작해 보려고, ESP8266 칩을 사용한 IoT 오픈소스 플랫폼인 nodeMCU를 만지기 시작했다. 국문으로 된 글이 꽤있지만 2016년 전후로 작성된 글이 많고, 현재 상황과 맞지 않는 글이 많아 아주 간단하게나마 정리를 해서 올려보려 한다. ESP8266 과 nodeMCU 소개 이걸 접하게 된 것은 꽤나 오래되었지만, 이 프로젝트가 인기를 끌었던 것은 더 오래전 2015년 언저리인것 같다. 당시에는 굉장히 센세이셔녈했던것 같은데, 지금까지도 여전히 감동적인 가성비를 뽐내고 있다. ESP8266은 WiFi 모듈을 포함한 초저가 IoT SoC이며, nodeMCU는 ESP8266을 기반으로한 오픈소스 IoT 플랫폼이다. 플랫폼이라는 말에서 알 수 있듯이 칩부터 ..",0,ok,
263,https://blog.msalt.net/263,[독후감] 나는 직장에 다니면서 12개의 사업을 시작했다,2019-01-26T17:14:32+09:00,감상문,[],"내가 평소에 주변 사람들에게 말하던 것과 비슷한 내용일 것 같아서 흥미를 갖고 읽어보게 되었다. 내 생각과 조금 다른 부분도 있었지만 핵심은 같은 내용이다. 누구나 사업가적 마인드를 가지고 조금만 노력한다면 충분히 좋은 결과를 얻을 수 있다. 실패는 없는 즐거운 경험을 누릴 수 있다! 내 생각을 많이 버무려서 독후감을 정리해 본다.ㅎ 새로운 사업의 시대 시대가 변했다. 우리는 예전보다 오래 살고, 사회 구조는 빠르게 변하고 있다. 이제 은퇴할 때까지 하나의 직장에서 근무하는 것 자체가 이상한 때가 되었다. 새로운 사업을 가슴에 품고 도전해야 하는 시대가 왔다. 내가 이런 말을 하면, 친구들은 대기업에서 배부르니까 뻘소리 한다고 버틸때 까지 버티라고 한다. 틀린말은 아니지만, 마냥 버티는 것은 말이 안된다..",3,ok,
262,https://blog.msalt.net/262,"[독후감] 내 몸속의 우주, 질병부터 성격까지 좌우하는 미생물의 힘",2019-01-09T23:15:25+09:00,감상문,[],"'청결의 역습'을 아주 흥미롭게 읽고 나서 우리 몸에 살고 있는 미생물에 관심이 많아진터라 도서관 반납 트레이에 있는 이 책에 시선이 확 꽂혔다. 중요한 내용만 쉽고 간단하게 설명하고 있어서 뚝딱 읽고 짧게 정리해 본다. TED books 시리즈이며, 원제는 Follow Your Gut : The Enormous Impact of Tiny Microbes 우리 몸은 미생물로 이루어져 있다 우리 몸에는 엄청나게 많은 미생물이 살고 있다. 세포수로 따지자면 최대 10배나 많은 수의 미생물이 존재하며, DNA로 따지자면 인간의 유전자는 약 2만개이지만 미생물들의 유전자를 합하면 200 ~ 2000만개에 이른다. 물론, 미생물은 인간의 세포에 비해 지극히 작고, 단순한 조직이며 그 수량으로 중요성을 논할 수는 ..",0,ok,
261,https://blog.msalt.net/261,카카오 카풀과 붉은 깃발법 그리고 한국 경제 성장률 하향 조정,2018-10-23T20:44:21+09:00,사람생각,"[""공유경제"", ""기득권"", ""루게릭병"", ""불공정"", ""카카오 카풀"", ""한국 경제""]","IMF에 이어 한국 은행도 올해 경제 성장률의 전망치를 하향 수정하였다. 관련기사 그 와중에 카카오의 카풀 사업 진출을 막겠다며 전국 택시들이 대규모 반대 집회를 한다고 한다. 한국 경제의 문제는 무엇인가 이야기 해보자 하면, 다들 말이 많겠지만 뾰족한 대안은 들려오는 것이 없는 것 같다. 어떻게 해야 하나. 지극히 개인적인 의견을 올려 본다. 문제는 명확하다 한국 경제의 문제는 너무나 명확하다. 명견만리 같은 프로그램에서도 많이 다뤘다. 우리는 새로운 기술과 오래된 전통 사이의 어딘가에 정체된 상태로 머물러 있다. 우리는 물적, 지리적 자원이 부족하고 원천 기술이나 기초 과학 기반 산업 부분이 약하다. 오래된 전통 문화를 가지고 있지만 관광업이나 전통적인 제조업(이탈리아의 가죽, 패션 산업이나 스위스의..",0,ok,
260,https://blog.msalt.net/260,[독후감] 비즈니스 모델의 탄생(Business Model Gerneration),2018-10-16T00:13:05+09:00,감상문,"[""비즈니스 모델의 탄생"", ""탄생의 즐거움""]","사람들은 종종 ""이런 사업은 어떨까? 이걸 팔아보면 어떨까?"" 말을 하는데, 보통은 수요나, 공급 어느 한쪽만을 염두해 두고 발상을 시작한다. 하지만 진짜 그 아이디어를 성공시키고 싶다면 다양한 측면을 꼼꼼하게 생각하고 준비해야 하는데, 이 책은 그런 일을 어떻게 잘할 수 있을지에 초점이 맞춰진 책이다. 비즈니스 모델을 새로 만들거나 기존 모델을 혁신하는 방법론을 사례 중심으로 쉽고 재미있게 쓰여져서 시간 가는 줄 모르고 읽을 수 있었다. 비즈니스 모델이란 우선, 비즈니스 모델이 무엇인지 공통의 이해를 갖는 것이 중요하다. 책에서는 9개의 빌딩 블록으로 비즈니스 모델을 묘사하는 것을 제안한다. 비즈니스 모델이란 하나의 조직이 어떻게 가치를 창조하고 전파하며 포착해내는지 합리적이고 체계적으로 묘사해낸 것이..",0,ok,
259,https://blog.msalt.net/259,[체험 후기] 광명 동굴 가지마세요! 비추!,2018-08-12T16:43:00+09:00,나의 경험담,[],"광명 동굴에 가지마세요~ 특히 아이들 데리고는 더욱~ 3주 전에 다녀왔는데, 얼른 글을 올린다는 것이 벌써 시간이 이렇게 지났네요. 특별히 광명 동굴을 미워해서 그런것은 아니고 개인 의견입니다. 경험에 바탕을 철저히 솔직한 후기를 올려 둡니다. 조금이나마 도움이 되길... 광명 동굴에 간 이유 여름에도 엄청 시원한 동굴이 서울 근교에 있다는 소식에 들뜬 마음으로 찾아갔습니다. 인터넷으로 접한 정보로는 아름답고, 넓고 시원한 곳이며 제가 좋아하는 이케아와 코스트코가 근처에 있기 때문에 동굴 + 쇼핑 패키지로 하루 코스 도심 여름 피서를 기대하고 찾아갔습니다. 주차가 힘들다는 이야기를 듣고 오전에 일찍가서 그렇게 힘들지는 않았습니다. (일요일 10시 반 도착) 가지 말라는 이유 사람이 너무 많아요 그나마 일..",0,ok,
258,https://blog.msalt.net/258,"한국, 인터넷과 스마트폰 접근율 세계 1위",2018-07-27T22:35:40+09:00,기술 이야기,[],"퓨 리서치는 2017년 조사 데이터에서 한국이 인터넷과 스마트폰 접근율이 각각 96%, 94%로 세계 1위를 차지했다. 소셜 미디어 사용은 69%로 호주, 미국과 함께 69%를 기록했으나, 75%의 요르단과 72%의 레바논보다 뒤지는 것으로 나타났다. ...South Korea stands out as the most heavily connected society, with 96% of adults reporting internet use. Social Media Use Continues to Rise in Developing Countries but Plateaus Across Developed Ones 퓨 리서치는 2017년 2월 16일부터 5월 8일까지 37개 국가들에서 40448명을 대상으로 조사..",0,ok,
257,https://blog.msalt.net/257,2018 Love Me Love Me,2018-07-09T00:19:01+09:00,이달의 노래,[],"love me love me 노래처럼 신나게 달려보고 싶습니다. 한해 한해 시간은 가는데, 정말 쉽지가 않네요. 근데, 아무리 힘들어도 2018년은 신나게 해보려구요. 화이팅! Love Me Love Me, Winner 마지막처럼, Black Pink Look What You Made Me Do, Taylor Swift 한숨, 이하이 Put Your Record On, Corinne Bailey Rae Yellow, Coldplay 가을 아침, 아이유 비밀의 화원, 이상은 사랑을 했다, iKON PET, 10cm Everything, 10cm Good Boy, GD X Taeyang There's Nothing Holdin' Me Back, Shawn Mendes Concerto In C Major Fo..",0,ok,
256,https://blog.msalt.net/256,소프트웨어 장인 - 읽는다고 장인이 되는건 아니다,2018-06-24T17:32:36+09:00,감상문,[],"회사 높은 분이 선물해 주셨는데, 읽다 말고 후배에게 선물해 줬다. 처음부터 볼 생각이 없었는데, 어떤 유명 개발자 블로거가 추천을 했길래 후배에게 잠깐 빌려서 읽어봤다. 근데, 뭐, 딱히 큰 감흥은 없었다. 그렇다고 해서 쓸떼 없는 짓을 했다는 정도는 아니고, 생각한 내용이 잘 정리되어 있었지만 내게 필요한 내용은 아니라서 별로 였던 것 같다. 처음부터 보고 싶은 않았던 이유는, 내용이 뻔할 것 같기 때문이었다. 제목부터 비호감인데, 목차를 봐도 요즘 블로그나 개발자 커뮤니티 등에서 많이 봐 온 주제들로 꽉 차있다. 저자가 되게 유명한 사람이고 사내 방송국에서 인터뷰까지 했다지만, 그럴 수록 내용이 참신하지 못 할 것 같아서 싫었다. 진짜 그랬다.긍정적인면을 굳이 찾아보자면, 요즘 해외 개발자들의 경향..",0,ok,
255,https://blog.msalt.net/255,AWS Elastic Beanstalk Tomcat log를 CloudWatch로 Streaming,2018-06-21T21:20:35+09:00,나의 경험담,"[""AWS"", ""CloudWatch"", ""Log"", ""custom"", ""monitoring"", ""tomcat""]","AWS Elastic Beanstalk에서 Java Tomcat Platform을 사용하는 경우 Application 로그를 CloudWatch로 보내려면 .ebextensions의 추가 설정이 필요하다. Tomcat Application 로그를 CloudWatch로 스트리밍하고 필터를 적용하여 특정 문자열이 패턴 검출 될 때 알림을 발생하도록 적용했던 과정을 간단하게 정리해 둔다. 들어가기전, CloudWatch는 왜? AWS의 CloudWatch는 정말 강력하다. 로그를 모니터링해서 이벤트를 발생시키고 그 이벤트를 기반으로 시작하는 다른 액션을 쉽게 구성할 수 있다. 무엇보다, 가격이 저렴하다. 안 쓸 수가 없다.ㅠ 웹 서비스의 특정 상황을 캐취해서 조치를 취하고 싶은데, 별도의 인스턴스 없이 콘솔에..",0,ok,
254,https://blog.msalt.net/254,인공지능 액면가 분석기 며짤을 공개합니다,2018-06-13T01:30:10+09:00,만들기,"[""A.I"", ""며짤"", ""사진으로_나이를"", ""액면가"", ""인공지능""]","역사적인 순간을 맞아 김정은과 트럼프 나이를 인공지능으로 분석해 봤습니다. 실제나이가 각각 71세, 34세라고 하니, 신기하게도 얼추 맞네요!ㅋㅋ다른 사진도 분석해 보고 싶으시면 며짤-인공지능 액면가 분석을 방문해 보세요! 며짤은 인공지능 액면가 분석 어플리케이션입니다. 사용 방법이나 공유 방법이 너무 간단해서 설명드릴 것이 별로 없네요.ㅎ 재미로 만들어 봤구요. 재미로 자유롭게 사용하시면 됩니다.ㅎㅎ 분석결과는 24시간만 공유가 가능합니다. 웃는 얼굴이 더 좋아요!개인적으로는 6개월만에 새로운 웹 프로젝트를 공유하게 되었는데, 간단하게 재미있는 것에 집중해봤습니다. 반응이 무척 궁금하네요!사용중에 불편한 것이나 문제점, 의견은 언제든 자유롭게 댓글이나 페북에 글을 남겨주세요.",0,ok,
253,https://blog.msalt.net/253,블로그 스타일 변경,2018-05-12T15:02:55+09:00,About Blog,"[""개편"", ""블로그 스타일""]","진짜 오랫만에 블로그 스타일을 변경했다. 특별한 계기가 있는 것은 아니고, 매번 생각해오던 것을 실행하게 된 것 일 뿐이다.ㅋ 변경 내용과 함께 새로 알게된 내용을 정리하고, 소개한다. 폰트 변경 폰트는 아주 오랫동안 고르고 골랐지만, 쏙 마음에 드는 것이 없다. 이번에 본문 폰트만 변경했는데, 영문이나 숫자는 또 마음에 안들어서...ㅠ 얼른 내 폰트를 만들어서 쓰고 싶다.ㅋ 맛소금체! 이롭게 바탕체를 접하면서 이롭게라는 회사를 알게 되었는데, 오우. 멋진데? 나중에 다시 만날 날이 있을지도 모르겠다는 생각이 들었다. http://font.iropke.com/batang/#font-test 강조 구문 스타일 변경 b 와 strong 태그에 대한 스타일을 변경하였다. 밑줄을 추가했는데, 아래 taegon...",0,ok,
252,https://blog.msalt.net/252,구글 Keep 줄바꿈 문자로 두줄 띄워지는 문제,2018-05-03T23:31:12+09:00,나의 경험담,"[""Keep"", ""LF"", ""crlf"", ""구글"", ""줄바꿈"", ""킵""]","언젠가부터, 구글 Keep에 윈도우 텍스트 에디터에서 작성한 글을 복사해서 저장하면 문단 사이에 빈 줄이 하나씩 더 들어간다. 구글 Keep 애용자로서 항상 불편을 겪고 있었는데, 혹시나 해서 줄바꿈 문자를 강제로 변경해 봤는데, CRLF을 LF로 바꾸니까 잘된다! 평양 냉면 먹고 싶어서, 예전에 태평로에서 먹은 평양 냉면 사진 올려본다.ㅋ 주로 VS CODE 나 One note를 사용해서 글을 작성하고, 구글 Keep으로 보관을 하다가 카톡이나 블로그에 공유하기도 하는데 언젠가부터 이상하게 구글 Keep으로 들어가기만 하면 줄바꿈이 두줄로 변경되었다. 처음엔 대수롭지 않게 생각했는데 카톡으로 보낼때도 보기가 않좋아서 검색을 해봤는데, 비슷한 어려움을 호소하는 사람을 못 만났다. 나만 그런건가...그러다..",6,ok,
251,https://blog.msalt.net/251,토큰 기반 인증 간단 정리 Token based Authentication,2018-05-02T23:10:15+09:00,기술 이야기,"[""Cookie"", ""JWT"", ""session"", ""token"", ""골치아파"", ""보안"", ""부담되"", ""신경쓰여"", ""인증"", ""토큰""]","토큰을 사용하여 인증하는 방법에 대해서 간단하게 정리해 본다. 이미 정리된 내용이 많이 있는데, 그 정보들을 바탕으로 요점정리 해 둔 것이라고 보면 된다. 토큰 vs 세션 토큰과 세션의 차이를 설명하는 글이 엄청 많은데, Client가 고유 식별자를 갖고, 그 식별자를 바탕으로 인증을 처리한다는 점에서 두 기술은 같다. 세션이 식별자에 대한 정보를 서버에 저장한다고 하지만, 결국 식별자의 일부는 client에도 저장이 되어야 한다. 보통 cookie로 저장되는데, cookie에 모든 정보를 저장하는 더 낮은 보안수준의 방식과 비교하여 세션 방식은 주요 정보가 서버에 저장된다는 의미이니 오해하지 말자.세션은 그 식별자가 http session에 한정된다는 점에서 토큰보다 제한된 범위의 활용성을 갖는다. 세..",1,ok,
250,https://blog.msalt.net/250,AWS CloudFront와 S3로 Private Content 전달 방법,2018-04-24T21:08:03+09:00,기술 이야기,"[""AWS"", ""CloudFront"", ""S3"", ""private content"", ""signed url"", ""생각보다 쉽다""]","AWS S3와 CloudFront를 이용해서 허가된 사람에게만, 제한된 시간동안만 이미지나 미디어 파일을 웹 스토리지를 통해서 공유할 때 유용한 기술(?)을 정리해 본다. 내가 즐겨 사용하는 가장 간단한 방법은 signature를 포함하는 signed URL을 생성해서 공유하는 방식이고, 자세한 내용은 아래 가이드에 자세히 나와있다. 나의 글은 가이드에 나와있는 내용을 간략하게 요약하고, 경험을 곁들인 후기라고 보면 좋을 것 같다! :) CloudFront를 통한 프라이빗 콘텐츠 제공 전체적인 그림 일단, 간략하게 구성을 소개하면 S3는 웹 스토리지이고, CloudFront는 글로벌 컨텐츠 전송 네트워크(CDN)이다. S3는 높은 신뢰성과 안정성을 제공하고, CloudFront는 전세계 어디서나 빠른 속..",0,ok,
249,https://blog.msalt.net/249,좋은 프로그래머란?(2) - 언제나 옳은 프로그래밍을 하자,2018-04-20T08:41:28+09:00,기술 이야기,"[""Loose Coupling"", ""good programmer"", ""좋은 습관"", ""추상화"", ""코딩""]","좋은 프로그래머에 대한 생각을 한번 정리하고 나니 하고 싶은 말이 몇가지 더 생겼다. 너무 기본적인 이야기들이지만, 기본을 잘 지킨다는 것이 얼마나 중요한지 알기에 가끔씩이라도 기본을 되새겨 보는 것이 좋다고 생각한다. 가끔씩 한번쯤 읽어보면 좋은 글이 되었으면 좋겠지만, 사실 그렇게 잘 쓸 자신은 없다.ㅎ 이번에 이야기 할 내용도 다른 사람과 함께 프로그래밍 하는 방법에 대한 이야기다. 회사에서 일하다가 어떻게 하면 더 좋은 프로그래밍을 할 수 있을지 개인적으로 고민하고 생각했던 내용을 글로 표현하여 적어 둔 것이다. 예상을 벗어나지 말자 잘 짜여진 프로그램 코드를 읽으면, 처음 읽어도 술술 읽힌다. 어느 정도만 봐도 뒷 부분이 예상이 된다. 남이 짠 코드라도 읽고 이해하는데 큰 어려움이 없다. 왜 예..",0,ok,
248,https://blog.msalt.net/248,VS Code에서 Markdown 사용법!,2018-04-15T18:23:28+09:00,나의 경험담,"[""VS Code 최고"", ""마크다운""]","나에게 마크다운 Markdown 엄청나게 편리하고 유용한 문법이다. Stackoverflow에 글을 쓸때나 블로그에 글을 올릴때 아주 편하게 구조화된 문서를 작성할 수 있도록 해준다. 별도의 편집기 없이도 텍스트 만으로 간단하게 구조화된 문서를 빠르게 만들 수 있다는 점은 엄청난 생산성을 제공한다! 그럼에도 불구하고 아직도 주변 사람들은 반응이 미적지근한 편인데, 아무래도 Stackoverflow이외에 다른곳에서 .md 문서를 편하게 사용하기 힘들기 때문인 듯 하다. 내가 제안하는 방법은, 일단 글을 쓸 때 마크다운 문법을 사용해서 글을 작성한다. 그리고 그것을 공유하거나 게시 할 때 html 으로 변환하거나 VS Code의 미리보기에서 내용을 복사해서 사용하면 좋다! 마크다운 문법을 지원하는 Stack..",0,ok,
247,https://blog.msalt.net/247,BLE iBeacon Eddystone packet format 분석,2018-03-31T12:30:14+09:00,기술 이야기,"[""BLE"", ""Eddystone"", ""iBeacon"", ""분석"", ""비콘"", ""포맷"", ""형식""]","지난번에 BLE Advertise Packet 내용 자세히 알아보기에서 BLE Avertise Packet이 어떻게 구성되는지 확인했다. 그 내용은 BLE Spec에 따른 원론적인 내용이었고, 그 Spec을 지키면서 새로운 기술을 정의한 것이 Apple에서 만든 iBeacon과 Google에서 만든 Eddystone이다. 두 기술 모두 BLE Advertise Packe의 최대 31Byte의 AdvData를 이용하여, 목적에 맞게 세부 데이터 구조를 정의한 것 뿐이다. iBeacon iBeacon은 2013년 애플에서 만들었고, 애플의 등록상표이다! 아래 그림과 같이 구성되며, 31Byte는 앞서 설명한대로 BLE Advertise Packet의 AdvData에 담겨지는 데이터이다. 별거 없다. 아주 단..",3,ok,
246,https://blog.msalt.net/246,타이젠 Web Application 개발 팁,2018-03-24T13:45:09+09:00,타이젠 Tizen,"[""Tizen"", ""web"", ""web app"", ""개발팁"", ""웹앱"", ""타이젠""]","타이젠 Web Application을 개발할 때 유용하게 사용할 수 있는 팁을 소개해 본다. 사실, 타이젠에만 국한되는 것은 아니고, Web Browser에서 테스트 할 때 키 이벤트로 특정 이벤트를 발생 시키는 방법이다. 아주 평범하고, 데모나 테스트 할때 일반적으로 사용할 수 있는 내용! 보통은 Tizen Web Application을 개발할 때 일반 Web Application 개발하듯이 VS Code와 Chrome를 이용해서 개발을 한다. 디바이스에 올리기 직전까지 타이젠 스튜디오를 사용하지 않는다.ㅋㅋㅋㅋㅋ 일단, 너무 무겁고, 디버깅도 Chrome이 훨씬 편하고 강력하다. 지못미 타스ㅠㅠChrome에 올려서 테스트할 때 가장 문제가 되는 것이 Tizen Device의 Rotate, 또는 Rot..",0,ok,
245,https://blog.msalt.net/245,좋은 프로그래머란? - 코드로 동료를 배려하는 사람,2018-03-09T23:51:49+09:00,기술 이야기,"[""SW"", ""개발자"", ""좋은 사람"", ""프로그래머""]","좋은 프로그래머란 어떤 사람일까? 여러가지를 말 할 수 있겠지만, 코드를 작성할 때 동료를 배려하는 사람에 대해서 이야기 해보고 싶다. 후배들에게 꼭 해주고 싶은 말인데, 주석이나 변수명 가지고 리뷰 코멘트 남기는 것이 너무 조심스럽고, 막상 이런 사소한 걸 편하게 말하기가 쉽지 않다. 사실은 정말 중요한 일인데...ㅠ 흔한 말로, 회사라는 곳은 혼자 할 수 없는 일을 함께 해내기 위해서 모인 조직이다. 서로에 대한 배려를 바탕으로 협업이 잘 되는 것이 가장 중요하다. 회사도 이 사실을 잘 알기 때문에 직원을 뽑을 때 커뮤니케이션 능력, 사회성 같은 것을 꼼꼼하게 확인한다. 프로그래머는 이메일 작성이나 회의를 할 때 말고도 코드를 작성할 때 커뮤니케이션 능력을 십분 발휘해야 한다. 프로그래머 간에는 코드..",0,ok,
244,https://blog.msalt.net/244,[독후감] 82년생 김지영 - 남일 같지 않은 이야기,2018-03-08T22:56:40+09:00,감상문,"[""김지영"", ""페미니스트"", ""페미니즘""]","요즘 핫한 82년생 김지영을 바르셀로나 공항에서 읽었다. 귀국편 비행기를 기다리며 하몽이 올라간 바게뜨 타파스를 시켜놓고 카페에서! 처음부터 내 이야기 같았고, 내 또래에서 아주 흔히 접할 수 있는 아주 평범한 이야기 같았다. 있을법한 이야기를 소설로 쓴것이 아니라, 흔히있는 일들을 에세이처럼 기록해 둔 것 같았기에 편하게 읽을 수 있었다. 쉬운 내용을 빠르게 읽었지만 마음은 편치 않았다. 당연한 것처럼 지나왔던 아픈 과거를 다시 돌이켜 보게 되었기에 마음도 다시 불편했졌다.아무런 대안도 없고, 아무런 반전도, 아무런 메세지도 없는 것 같다. 하지만 이 책이 많은 사람들에게 회자되며 읽히고 토론의 분위기를 만들어 가는 것 만으로도 충분히 큰 메세지를 던진 것 같다. 그 동안 너무 당연하게 많은 여성들이 ..",0,ok,
243,https://blog.msalt.net/243,[독후감] 프로그래머 철학을 만나다,2018-03-06T23:14:32+09:00,감상문,"[""nhn"", ""에세이"", ""유석문 이사"", ""철학"", ""프로그래머""]","도서관에 갔다가 반납 트레이에서 책 표지에 눈길이 가서 프로그래머 철학을 만나다라는 책을 집어 들게 되었다. 굉장히 부담스러운 표지 사진인데, 프로그래머 관련 서적이라니. 괜히 웃음이 났다.ㅋ 나도 프로그래머의 삶과 생활에 대해서 가볍게 읽을 수 있는 책을 써보고 싶다는 생각을 하고 있어서 벤치마킹하기 딱 좋은 책이었다. 다 읽고 나서 저자에 대해서도 검색을 해봤는데, NHN 이사님이시네.ㅎ 내용은 프로그래머라면 공감하기 쉬운 내용이고, 가까운 선배들에게 한번쯤은 들어봤을 법한 이야기와 블로그에서 접해봤던 유익한 글들을 작가의 뜻에 맞게 잘 배치하였다. 나 역시 프로그래머는 특히나 더 철학을 갖은 사람이어야 한다고 생각하기에 공감되는 부분이 많았다. 인상깊었던 부분은 즐거움을 최고의 선으로 여긴다는 에피..",0,ok,
242,https://blog.msalt.net/242,맛소금 비밀 보관함 소개,2018-02-19T08:56:45+09:00,만들기,"[""맛소금"", ""비밀보관함"", ""프로젝트""]","확실한 Use Case를 가지고 만든 새로운 프로젝트, 맛소금 비밀 보관함을 소개합니다! 바빠서 오랫동안 msalt.net에 신경을 못 쓰고 있었는데, 잠깐 짬을 내서 기존의 '절대비밀 프로젝트'를 이용해서 새로운 프로젝트를 만들어 봤습니다. 비밀보관함 공개 2017. 12. 30새신을 신고 2018을 신나게 달려보고자 헌신의 새신적 사진을 올려봤습니다.ㅋ 새해엔 새로운 마음으로 웹 프로젝트도 많이 해보고 싶네요.비밀보관함은 정보요원들이 언제 어디서나 간편하게 강력한 암호문을 작성하고, 로그인 없이, SSL 없이도 누구에게나 손쉽게 전달 할 수 있습니다.4자리 PIN 번호로 보관함을 열고 닫을 수 있으며, 정확한 열쇠 문장으로만 일반 문장으로 변환이 가능합니다. 열쇠 문장은 저장되지 않습니다!",0,ok,
241,https://blog.msalt.net/241,Software와 관련된 지식 조각,2018-01-28T21:19:00+09:00,기술 이야기,"[""Architect""]","얼마전에 교육 받으면서 개인적으로 정리한 내용을 올려둔다. 명확한 정의와 설명을 모아둔 것이 아니다. 단지 각각의 개념에 대해서 스스로 쉽게 설명해 볼 필요가 있다고 생각해서 끄적거렸던 것이다. 아마 누군가의 앞에서 물음에 대답해야 하거나, 어떤 개념을 설명하다가 잠시 부연 설명을 할때 도움이 될 것 같다. 정확한 답보다 자신의 문장으로 소화해서 가지고 있는 것이 중요하다.ㅎ Programming Paradigm Procedural Programming Procedure를 통해서 추상화와 재사용성을 만들어내는 것이 핵심이며, 코드의 재활용성이 높고 프로그램의 흐름이 쉽게 이해되며, 모듈화와 구조화가 용이하다. 반면, Procedure를 호출하는 과정에서 필연적으로 비용이 발생한다. 복잡한 프로그램을 만들..",2,ok,
240,https://blog.msalt.net/240,박시백의 조선왕조실록 - 11권 광해군일기,2018-01-23T22:44:01+09:00,감상문,"[""광해군"", ""조선왕조실록""]","광해군은 주변의 기대가 매우컸지만, 권력 강화에 지나친 집작을 보이고 미신을 신봉하는 등 불안정한 심리 상태로 인해 나라를 수렁에 빠뜨렸다. 나라의 대신들 조차 그런 광해군을 이용할 뿐 바른 말을 하는 자가 없으니 백성들에대한 착취는 더 심해지고 비정상적인 나라 운영이 계속되었으며, 결국엔 인조반정으로 왕권을 내려놓게 된다. 옥사 부분 광해군의 일방적인 권력 남용과 그것에 빌붙어 개인 출세를 노리는 간신배들이 비극을 만들었다. 권력 분립과 권력의 견제가 왜 중요한지 새삼 알게 해주는 대목이다. 왕조에서 권력분립이라는 것은 있을 수 없는 일 같지만, 왕이 분리된 하위 조직들을 신뢰하고 독립적으로 활동할 수 있게 힘을 실어주고, 왕은 오케스트라의 지휘자처럼 방향을 잡고 하위 기관의 이해관계를 잘 조율하면 된..",0,ok,
239,https://blog.msalt.net/239,현명한 가상화폐(비트코인) 투자 방법,2018-01-17T22:20:08+09:00,사람생각,"[""가상화폐"", ""비트코인"", ""투자방법""]","요즘 가장 핫한 이슈가 비트코인으로 대표되는 가상화폐다. 생각보다 가상화폐가 세상에 나온지는 오래되었는데, 근래에 들어 일반인들도 쉽게 거래를 하고, 그 가운데 시세가 폭등해서 정말 난리도 아닌것 같다. 가상화폐에 대해서는 정리된 곳도 많고 다양한 의견도 많아서 내가 다 정리할 수도 없고, 필요도 없을것 같다. 다만, 투자자들에게 한가지 영감을 주기위해서 아주 짧게 투자에 대해서 의견을 남겨본다. 투기냐 투자냐 내가하면 투자고 남이하면 투기라는 말이 있을 정도로 두 개념의 차이는 모호한데, 나는 투기도 투자의 일종이라고 생각하기에 투자인지 투기인지 따지는 것은 불필요한 일이라고 생각한다. 예를 들어 내가 존경하는 손정의가 특정 회사의 주식에 투자했는데, 가격이 미친듯이 폭등해서 주식을 팔았다면 투기인가?..",1,ok,
238,https://blog.msalt.net/238,정녕 우리나라 대학교는 직장인을 양성하는 곳인가,2018-01-10T00:58:34+09:00,사람생각,[],"한달 넘게 여러 교수님들에게 수업을 받다보니 이런 저런 생각을 많이 하게 되었다. 그 중에서도 우리 나라 교육에 대한 문제점에 대한 이야기를 많이 하시는데, 현장에 계신분들의 말이 너무 가슴에 와 닿았다. 우리나라 대학은 훌륭한 직장인을 양성하는 것이 목표다. 취업률을 체크하고, 기업에서 원하는 인재를 만들어 주려고 부단히 애쓴다. 정말 그런것 같다. 그래서 부자가 되는 법을 모른다고도 하셨는데, 그것도 맞는 말인것 같다. 부자가 되는 법도 모르고, 세상도 잘 모르는 것 같다. 그냥 성실한 직장인이 되기위한 준비를 하는 곳이 된것 같다. 굉장히 안타깝다. 중요한 것은 취업하는 것이 아니다. 성실한 직장인이 되는 것도 아니고, 공무원 시험에 합격하는 것도 아니다. 대학에서 느끼고 배워야 할 것은 스스로 살..",0,ok,
237,https://blog.msalt.net/237,젊은 시인에게 주는 충고,2018-01-05T22:27:26+09:00,좋은 씨앗,"[""라이너_라미아_릴케"", ""문제_그_자체를_사랑하라"", ""지금_그_문제를_살라""]",마음속의 풀리지 않는 모든 문제들에 대해 인내를 가지라. 문제 그 자체를 사랑하라. 지금 당장 해답을 얻으려 하지 말라. 그건 지금 당장 주어질 순 없으니까. 중요한건 모든 것을 살아보는 일이다. 지금 그 문제들을 살라. 그러면 언젠가 먼 미래에 자신도 알지 못하는 사이에 삶이 너에게 해답을 가져다 줄 테니까.-라이너 마리아 릴케인내를 가지라. 문제 자체를 사랑하라. 그리고 지금 그 문제를 살아보라. 때때로 검색과 댓글의 성급한 해답말고 온전히 내 자신의 해답이 필요하다-맛소금,0,ok,
236,https://blog.msalt.net/236,MongoDB 소소한 정리,2018-01-03T22:57:24+09:00,기술 이야기,"[""MongoDB"", ""몽고디비""]","몽고DB 정리도 여기 저기 잘 되어 있지만, 내가 쓰는 커맨드, 설치했던 방법들을 모아 모아서 소소하게 정리해 둔다. ubuntu 16.04에서 설치하고, systemd 에 등록하는 것도 매우 유용 했다. Ubuntu 16.04 에 몽고DB 설치 공식 사이트에 가면 14.04 버전 설치 방법만 나와있는데, 크게 다르진 않지만... https://www.digitalocean.com/community/tutorials/how-to-install-mongodb-on-ubuntu-16-04 $sudo apt-key adv --keyserver hkp://keyserver.ubuntu.com:80 --recv EA312927 $echo ""deb http://repo.mongodb.org/apt/ubuntu xe..",0,ok,
235,https://blog.msalt.net/235,Angular에 Webpack 적용 후기 & Tip,2017-12-10T21:55:10+09:00,기술 이야기,"[""CommonsChunkPlugin"", ""angular2"", ""tip"", ""webpack""]","Angular를 사용한 웹사이트를 만들었는데, 막상 Release 할 때 첫화면 로딩 성능이 잘 안나와서 급하게 Webpack을 적용해서 성능을 개선했던 기억을 간단하게나마 정리해본다. 기술적인 내용은 참고했던 사이트의 소개 위주로 간단하게 적고, 경험적인 내용을 추가로 정리해서 덧 붙인다. 우선 기술적인 내용! Webpack으로 AOT Compile and Bundling! 결론적으로! Webpack 적용해서 index.html 에는 bundled js 파일만 남겼다. 우선 AOT가 무엇인지 알아야 하는데, Angular는 2가지 compile 방법을 제공한다. 성능 개선이 목적이었기에 당연히 빠르다던 AOT를 적용했다. 1.Just-in-Time (JIT), which compiles your app..",0,ok,
234,https://blog.msalt.net/234,Architect 교육이 끝나고나서...feat.김수동 교수님,2017-12-09T12:00:28+09:00,사람생각,"[""Architect"", ""SW"", ""Sotfware""]","어제 공식적으로 Architect 교육이 모두 끝났다. Architect 교육이 특별히 재미있었던 것은 여러 교수님들의 안목이 다른 이야기를 들을 수 있었기 때문이다. 많은 이야기를 들었고, 그것을 개인적으로 한 두문장으로 요약해 본 것을 별 다른 분류 없이 몇 개만 옮겨 둔다. 옮기다보니 유난히 김수동 교수님께서 말씀해 주신 내용이 많아서 부득이하게 교수님 존함을 언급하게 되었다. 다시 한번 감사드리며, 누군가에게도 좋은 영향이 되길바라며 정리해 둔다. 뇌는 우리편이 아니다. 뇌를 달래는 방법을 알아야 한다. 공부하기 싫고, 깊은 생각에 오래 머무르는 것도 싫고, 단순한 오락이나 TV로 시간을 보내는 것이 편한 이유는 뇌 스스로가 뇌를 보호하려는 메커니즘에 따른 것이다. 그 메커니즘을 잘 이해해서 뇌를..",0,ok,
233,https://blog.msalt.net/233,박시백의 조선왕조실록 - 10권 선조실록,2017-12-08T00:45:29+09:00,감상문,"[""박시백"", ""선조"", ""이순신"", ""조선왕조실록""]","조선왕조실록 10권은 오래전에 다 읽고도 독후감을 못 쓰고 있었다. 너무 안타깝고, 답답하고, 슬픈 이야기로 가득차있다. 임진왜란의 내용이 대부분인데, 임진 왜란이 얼마나 어이가 없는 전쟁이었는지 새삼 다시 깨닫게 되었다. 국가가 국가의 역할을 못하고, 리더가 리더의 역할을 못하는 상황에서 구성원들의 희생으로 힘겹게 국가를 지켜낸 이야기다. 하필 앞전에 읽은 인천상륙작전과 너무 비슷한 내용이 반복된다. 시간상으로는 임진왜란이 훨씬 앞서는 일인데, 역사는 정말 반복된는 것일까...그렇다면 다시 올지도 모르는 그 상황에 적극적으로 대응해야 할 것이다. 반복되는 위험의 순간 내가 역사를 잘모르지만, 최근 읽은 두 책에서 임진왜란과 한국전쟁의 비슷한 점을 정리해보았다. 리더의 무사안일한 통치로 국정의 조직력은 ..",0,ok,
232,https://blog.msalt.net/232,서랍속에서 리더쉽을 꺼내 본다,2017-12-01T22:30:17+09:00,사람생각,[],"나서는 성격이 아니지만, 대학생때 리더의 역할을 몇번 해봤다. 훈남에 카리스마 넘치는 리더는 아니지만 함께하는 사람들이 조화롭게 협동할 수 있도록 만들었다고 자평한다. 나는 그저 그런 환경을 만들고 팀원들을 응원해주고, 조금씩 힘을 보탰는데 집중했다. 상황이 되면 사람들은 자발적으로 자기 능력을 발휘하고, 헌신한다. 리더의 자리에서 가장 행복한 것은 그런 사람들과 함께라는 그 느낌 그 자체다. 시간이 지나서 이제 회사에서 나에게 리더쉽에 대한 이야기가 나왔다. 싫은데.ㅋ 나는 다시 리더가 되어도 그 방법을 쓸 것이다. 누구나 나에게 편하게 의견을 낼 수 있고, 소외되는 사람없이 참여할 수 있도록 하고, 잘하는 사람은 더 잘하게 뒷받침 해주고 싶다. 정보의 비대칭, 사각지대를 없애고 하나의 팀으로 똘똘 뭉..",0,ok,
231,https://blog.msalt.net/231,Software Architect에 대한 단상,2017-11-28T22:12:57+09:00,기술 이야기,"[""Architect"", ""Steve Jobs"", ""software""]","몇 주간의 Architect 교육 중에 몇가지 생각을 추려서 적어둡니다. 언제 다시보면 한번쯤 생각해 보는 것도 좋을 것 같아요. 교육 시작할 때, 상무님 말씀 중... 소프트웨어는 정답이 없고, Architect의 주장을 논리적으로 설득할 수도 없다. 그래서 Architect은 고독한 길이다. 당장 증명할 수 없는 의견을 제시해야 하는데, 목에 칼이 들어와도 아닌건 아니라고 말해야 한다. 이 코드는 쓰레기다라고 말할 수 있어야 한다. 그래서 Architect은 Position Power를 갖아야 한다! 신념 없이 욕 안먹고 좋은게 좋은거다라는 사람은 절대 좋은 Architect가 될 수 없다. 여러 교수님들의 생각이 조금씩 다르기도 했지만, 가장 핵심적인 내용은 같았다. 아키텍쳐가 중요한건 품질이 중요..",0,ok,
230,https://blog.msalt.net/230,검색엔진 최적화(SEO) 방법 핵심 정리,2017-11-27T08:19:27+09:00,기술 이야기,"[""SEO"", ""최적화"", ""컨텐츠가 중요하다""]","SEO로 불리는 검색엔진 최적화를 위해서 적용했던 내용들을 정리해 놓은 메모를 블로그에 올려 본다. 이미 아는 원론적인 이야기일 수 있으나, 그럴 수록 기본에 충실해야 한다는 생각으로 적어두고 가끔 다시 보려고 굳이 블로그에 올려본다. 본 글은 검색엔진 최적화를 위해서 특별히 타이틀에 낚시맛을 가미해서 작성해 보았다.ㅋ 요약해보면... 검색엔진은 좋은 컨텐츠를 찾기 위해 진화한다. 검색엔진이 좋은 컨텐츠라고 생각하기 위한 불필요한 것은 역효과가 날 수 있다. 검색엔진에게도 좋고, 실제 사용자에게도 좋은 컨텐츠를 갖추면 된다. 우선 순위는 실제 사용자에게 좋은 컨텐츠를 만드는 것에 있다! 결론, 아래 기준들을 바탕으로 실제 사용자에게 좋은 컨텐츠가 될 수 있게 노력하면 그것이 최고의 검색엔진 최적화 SEO..",0,ok,
229,https://blog.msalt.net/229,익명으로,2017-11-24T20:56:25+09:00,사람생각,[],"살다 보면, 나는 그런 뜻으로 말한 것이 아닌데, 어쩌다 보니 누군가에게 상처가 된것 같은 상황이 있다. 뚜렷하게 그런 것은 아니고 그런 것 같은 상황. 내가 나서서 바로 잡기에도 애매하고 괜히 미안한 마음만 한켠에 자리 잡는다. 그 사람을 넌지시 바라보며 마음으로 말해 본다. ""그렇게 생각했다면 미안해요. 내 마음은 그런게 아니에요."" 사실 내 마음에는 반대 경우의 속상함도 있다. 오래 머물지는 않지만 아직 남아있는 속상함이 있다면, 아까의 그 미안함과 함께 떠나 보낸다. 손잡고 사이 좋게 이제 떠나 가렴 살다 보면, 내 마음의 상대는 언제나 익명이었음을 알게 된다 고마워 미안해 사랑해 이름을 묻지말자 누군지 따지지 말자 익명으로 사랑하자",1,ok,
228,https://blog.msalt.net/228,Laggards Customer의 적응단계,2017-11-07T21:07:34+09:00,사람생각,"[""Chance"", ""얼리어답터는 미친놈이 아니다"", ""카카오뱅크""]","충격 > 거부 > 좌절 > 우울 > 시도 > 결정 > 통합 나는 때로는 얼리 어답터 때로는 늦은 주류에 속하기도 하지만 Laggards 단계에 속하는 적은 거의 없는것 같고, 주변에서 충격과 거부 반응을 정말 많이 보곤한다. 그리고, 결국은 조용히 합류하게 되는 것도 많이 본다.ㅋ 사진 출처: wikipedia.org Typically this will be a customer who, in addition to using the vendor's product or technology, will also provide considerable and candid feedback to help the vendor refine its future product releases, as well as the as..",0,ok,
227,https://blog.msalt.net/227,그랬구나,2017-10-18T23:21:17+09:00,좋은 씨앗,"[""기대했기에""]","Expectation is the root of all heartache. Shakespeare 기대했기에 속상하다.아무렇지 않은척 했지만 무척 속상했고, 부인했지만 속상한 마음을 보고 알게 되었다.기대했기에 속상했구나.기대가 있었구나.",0,ok,
226,https://blog.msalt.net/226,Good requirements practices are neither necessary nor sufficient,2017-10-18T23:09:41+09:00,기술 이야기,"[""requirement engineering"", ""요구공학""]","요구공학 배우고 있는데, 교수님이 읽어보라고 하셔서 읽어본 글을 간단하게 정리해 둔다. 좋은 요구 사항은 성공을 위해서 필요하지 않거나 충분하지 않다 정도로 해석하면 될까? 제목에서 알 수 있듯이 좋은 요구 사항이 꼭 프로젝트의 성공과 직결되는 것만은 아니라는 내용이다. 여기서 Practice 를 어떻게 해석해야 하나...;; 에자일 프랙틱스를 에자일 실천법이라도 번역한 글도 많던데...흠. 일단, 여기서 requirements practice는 요구 사항 도출, 관리, 분석, 문서화, 변경 관리에 관한 모든 행동이라고 가정한다. We consider a requirements practice to be the use of a principle, tool, notation, and/or method in..",0,ok,
225,https://blog.msalt.net/225,Nodejs 프로세스 매니저 PM2 사용법,2017-10-16T19:18:07+09:00,기술 이야기,"[""Forever"", ""nodeJS"", ""nodemon"", ""pm2""]","서버에서 노드 구동 관리를 위해서 예전에 forever 랑 nodemon을 썼던적이 있는데, pm2를 알게되어서 이번에 사용해 보았다. startup 커맨드가 넘 좋고, 보기 좋고, 잘 동작해서 좋다. 서버에서 웹 애플리케이션을 운영할 때 보통 데몬으로 서버를 띄워야 하고 Node.js의 경우 서버가 크래시나면 재시작을 하기 위해서 워치독(watchdog) 류의 프로세스 관리자를 사용하게 된다.Outsider's Dev Story 시작하기 --name 옵션으로 이름을 정해두면 리스트에서 보기 좋다. --watch 옵션으로 변경사항을 체크해서 자동 재시작 하도록 할 수 있다. $sudo pm2 start [--name ] [--watch] 목록 확인 등록되어 있는 목록 확인 $sudo pm2 list 중단..",0,ok,
224,https://blog.msalt.net/224,루카스 블랙박스 LK-9150 AS 후기,2017-08-27T10:41:42+09:00,나의 경험담,"[""2년 마다 4만원"", ""AS 넘 비싸네""]","가성비 좋은 블랙박스라는 입소문으로 구매하게 된 루카스 블랙박스는 만족할 만한 성능을 보여줬지만, AS는 정말 실망이 크다. 지금 2015년 가을에 구입해서 사용하고 있는데, 올해만 AS 비용이 11만원이 들었다. 17만원을 주고 구입했는데...이럴 줄 알았으면 그냥 새로 살텐데, 4만원 + 7만원 두번에 걸쳐서 다른 부분에 문제가 생겨서 울며 겨자먹기로 수리했다. 코인 배터리 교체 4만원 언젠가부터 시간이 안맞아서 RTC에 전원을 공급하는 코인 배터리를 교체하였는데, 4만원이 들었다. 정말 어이가 없었다. 아무리 공임비가 들어서 그렇다고 하더라도, 코인 배터리 천원도 안하는데, 이런 간단한 부품 교체에 해당하는 AS 비용을 이렇게 과다하게 책정해 놓다니...게다가 소모품이라서 1~2년 안에 또 4만원의..",1,ok,
223,https://blog.msalt.net/223,[영화] 어바웃 타임 About Time,2017-08-25T18:26:10+09:00,감상문,"[""기분 좋은 영화""]","어바웃 타임 About Time 을 봤다. 내가 영화를 많이 보는 편은 아닌데, 영국 영화 느낌이 난다. 잘은 모르지만..ㅎ 문화가 달라서 색다른 느낌이 많이 들기도 했지만, 우리 삶에서 시간의 의미를 되새기게 되는 잔잔한 감동은 충분히 전달 받았다. 시간을 다시 돌릴 수 있다면 분명 보다 더 잘 그 시간을 사용할 수 있겠지만, 나에게 주어지는 시간과 환경을 바꾸길 원하기 보다는 지금 그 순간에 충실하는 것이 행복에 이르는 가장 빠른 길이라는 생각을 하게 된다. 후회 없이 하루 하루를 살자.",0,ok,
222,https://blog.msalt.net/222,AWS 람다로 서버 없이 간단한 REST API 만들기 - 경험담,2017-08-24T23:26:15+09:00,기술 이야기,"[""AWS"", ""FAAS"", ""lambda"", ""serverless"", ""서버없는 웹""]","제 서버에 기생하던 아주 간단한 API가 있었습니다. 필요는 한데 서버를 따로 두는 것은 너무 큰 낭비라서 일단 넣어놨습니다만, 계속 기생시키는 것은 여러모로 찝찝하던 찰나에 문득 AWS 람다를 이용한 Serverless Architecture 가 생각나서 사용해 보기로 했습니다.ㅋ 이미 유명한 서비스라 자세한 설명보다는 경험 위주로 정리해 봅니다. 목표 간단하게 DB Data를 가져오고 업데이트하는 GET, PUT, POST API를 서버 구축 없이 만들기 (DB 구성은 별도, 추가 설명 생략) 서비스 구성 일단 AWS 람다와 API 게이트웨이를 사용해서 만들려고 하는데, 그것이 어떤 것인지는 아래 링크로 대신합니다. 정리를 잘하셨네요. :) [AWS]서버없이 Lambda와 API Gateway로 서버..",0,ok,
221,https://blog.msalt.net/221,기술 발전에 쫒기는 개발자여 스트레스 받지 말자,2017-08-21T22:35:07+09:00,사람생각,"[""개발자는 극한직업"", ""열린 마음이 필요해""]","얼마전에 새로운 기술을 두려워 하지 말라고 글을 썼는데, 요즘 기술 발전 속도를 보면 두려움을 느낄 순간 조차 허락하지 않을 것 같다는 생각이 든다. 과연, 개발자가 기술의 발전 속도를 따라 잡을 수 있을까? 개발자는 정말 인공지능이 발전하면 사라지게 될까? 짧지만 깊은 생각을 끄적여 본다. 이야기 하나. 블로그 내용은 이미 Deprecated 내가 회사에 입사했을 때만 해도 인터넷에 업무 관련 내용이 별로 없었다. 물론 레퍼런스는 인터넷에서 찾을 수 있었지만 pdf로 배포되는 형식으로 방대한 양을 검색하는 것이 쉬운 일이 아니였다. 따라서, 관련 정보가 어디있는지 잘 아는 것만으로도 능력자가 될 수 있었다.시간이 지나고, 수많은 블로거들의 노력 덕분에 이제 쉽게 업계의 트렌드를 포함해서 기술 비교, 용..",0,ok,
220,https://blog.msalt.net/220,BLE Advertise Packet 내용 자세히 알아보기,2017-08-18T20:45:32+09:00,기술 이야기,"[""BLE"", ""꼼꼼히 파해쳐보기"", ""스펙 분석""]","BLE를 간단하게 알아보다 Beacon의 세계를 알게 되었다. Beacon의 종류와 데이터 포맷을 알아 보다 Advertise Packet을 자세히 알게 되었다. 다른 블로그에 잘 나와있지 않은 부분들을 직접 Spec을 찾아보면서 알게되었는데, 그 내용을 정리둔다. BLE Advertising Data에는 기기 이름, 주소, UUID 등이 들어있는데, 실제 Packet에서 그 정보를 찾는 방법에 대해서 정리해 둔다. Bluetooth Specification Spec은 Specification의 줄임말인데, 명세서라고 하며, 내용은 시스템이나 기술에 대해 명확한 설명이다. 처음보면 좀 당황스러울 수 있으나 조금만 시간을 투자하면 금방 익숙해지는 아주 잘 짜여진 구조적인 문서이다.블로그에서 자료를 찾아보는..",2,ok,
219,https://blog.msalt.net/219,낯선 기술을 두려워 하지 말라,2017-08-13T17:35:47+09:00,사람생각,"[""겸손하게 꾸준히 공부하자"", ""경험을 과신 말자"", ""경험이 없다 두려워 말자"", ""새로운 기술을 접하는 자세""]","회사 팀원이 Tech HR 컨퍼런스 참석 후기 행사에 다녀왔다며 링크를 보내줬는데, 새로운 기술에 대한 경험과 학습에 대한 흥미로운 의견이 있어서 여러가지 생각이 들었다. 경험보다 기술의 발전이 빠르다. 낯선 기술을 두려워 하지 말라. 소프트웨어 업계에 개발자로 종사하고 있는 사람으로서 정말 하루가 다르게 일이 변하고 있음을 매일 느낀다. 매일 매일 새로운 것을 공부하고 사용하려고 노력하지만 막상 실전에서는 망설여지는 것이 사실이다. 아무래도 낯선 것에 대한 두려움과 충분하지 않은 적용 사례 때문에 보수적으로 접근 할 수 밖에 없는 현실 때문이다. 솔직히...나이가 들어서 그런지, 예전보다 더 보수적으로 접근하게 된다. 하던 대로 하는 것이 편하고, 잘 알고 있는 방식이 마음이 놓인다. 하지만 아래에서 ..",1,ok,
218,https://blog.msalt.net/218,낯선 사람 만나기,2017-08-13T17:22:37+09:00,좋은 씨앗,"[""발견"", ""발전"", ""변화"", ""새로움"", ""즐거움""]","맨날 만나는 사람과 비슷한 주제로 먹고 마시며 노는 것도 좋지만, 때때로, 일부러라도 낯선 사람을 만나 자유롭게 이야기 해보고 싶다. 일부러라도. 친밀한 관계의 사람들보다 그리 친하지 않은 낯선 사람에게서 새로운 기회나 유용한 정보를 더 많이 제공받는다 리처드 코치(경영 컨설턴트)",0,ok,
217,https://blog.msalt.net/217,윤태호 만화 인천상륙작전 - 6권 아비규환,2017-08-07T21:42:20+09:00,감상문,"[""만화"", ""아비규환"", ""윤태호"", ""인천상륙작전""]","인천상륙작전에 대해서 구체적으로 잘 묘사가 되어 있다. 전쟁에 대해서는 잘 몰랐는데, 작전이 수립된 내막과 꼼꼼한 계획 아래서 착실하게 수행되어서 성공을 거둔 이야기가 모두 흥미로웠다. 이래서 전쟁 이야기를 좋아하는 마니아들이 있는 가보다. 인천상륙작전의 준비, 진행, 그리고 그 후의 전쟁 상황과 전투 내용이 잘 설명이 되어 있는데, 동시에 철구네 가족이 겪게 되는 갑작스런 변화와 충격, 그리고 비참한 결말을 함께 담았다. 역사적으로 매우 중요하고, 전쟁에서 매우 훌륭한 작전이었지만, 죄 없는 한 가족에게는 너무나 참혹한 시련일 뿐이라는 생각을 갖게 해준다는 점에서 전쟁을 미화하지 않고 이야기를 잘 풀어 나간 것 같다.정말 아비규환이다. 아비규환의 모습이 그려지고, 상상이 된다. 여섯 권의 책을 읽으면서..",0,ok,
216,https://blog.msalt.net/216,[자마린 앱 개발] Chapter 3. Deeper into Text,2017-08-03T23:53:29+09:00,타이젠 Tizen,"["".NET"", ""C#"", ""Forms"", ""Tizen"", ""Xamarin"", ""자마린"", ""자마린 앱 개발""]","자마린 앱 Text 에 대한 기본적인 내용을 소개하고 있다. 자마린에서의 Text란 어떻게 다뤄지는지 간단하게 설명한다. 예제 한번 쭉 보면 더 읽을 필요 없을 정도로 간단한 내용이다. Wrapping paragraphs 다양한 방법으로 align과 wrapping 선택 할 수 있다. 줄바꿈은 Environment.NewLine 을 사용하시길 권장한다. 플랫폼 별로 \n 과 \r\n로 치환된다. Text and background colors Label 의 속성에 따라 차지하는 영역이 달라진다. View의 영역을 어떻게 설정할지에 대해서 알 수 있는데, 내용이 직관적이라 그냥 보고, 써보면 안다. The Color structure Color Structure는 R, G, B 값 또는 명도, 색상, 채도..",0,ok,
215,https://blog.msalt.net/215,[영화] 결혼하지 않아도 괜찮을까,2017-08-01T22:00:16+09:00,감상문,"[""결혼하지 않아도 괜찮을까"", ""괜찮다"", ""일본영화""]","아무런 사전 지식없이 일본 영화 결혼하지 않아도 괜찮을까 블루레이를 빌렸다. 제목만으로도 짐작이 가는 내용이지만 그 뻔한 내용으로도 잔잔한 울림으로 결혼에 대해서 한번 더 생각하게 만드는 영화다. 일본 영화 특유의 스타일을 가지고 있다. 극적으로 클라이맥스까지 감정을 끌어올리는 일 없이 천천히, 잔잔히 이야기가 흘러간다. 그래서 그런지 가만히 생각하면서 보기에 좋은 것 같다. 격하게 감정선을 흔들지 않아서 오히려 천천히 생각하면서 보기에 좋았다.여성에게 결혼과 일의 의미가 갖는 고민 거리에 대해서 3명의 주인공을 통해서 전하고 있는데, 우리 나라와 사회상이 상황이 비슷해서 조금 놀랐고, 그만큼 탄탄한 공감대 위에서 쉽게 풀리지 않는, 숙제 같은 고민에 대해서 한번 더 생각해 볼 수 있어서 좋았다.일을 그..",0,ok,
214,https://blog.msalt.net/214,외벌이 가부장에게 전하는 말 - 고백 그리고 반성,2017-07-27T22:44:36+09:00,사람생각,"[""더 잘할께"", ""사랑해"", ""여보 미안해""]","스스로를 매우 가정적이라고 생각하는 외벌이 가정의 가부장으로서 저의 잘 못된 생각을 깨닫고 크게 반성하게 되어, 저와 같은 생각을 갖고있는 누군가에게 저의 뉘우침에 대해서 나눌까 합니다. 일의 의미 제가 인문학 교수도 아니고 일의 의미를 어떻게 설명하겠습니까. 저도 잘 모릅니다.ㅋ 하지만 일은 단순히 돈을 버는 것 이상의 의미가 있다는 것은 알고 있습니다. 그럼에도 불구하고, 저는 아내가 일을 하지 않았으면 생각했습니다. 물론 일하는 것을 반대하는 것은 아닙니다. 다만, 단순히 돈 때문에 일하는 거라면 하지 않았으면 했지요. 돈보다는 가정이 더 중요하다고 생각했거든요. 가사도 일이고, 육아도 일이다. 어쩌면 나보다 더 중요한 일을 하는 것이다. 그렇게 아내를 설득해서 아내가 집에 머물도록 했습니다. 근데..",0,ok,
213,https://blog.msalt.net/213,카카오 뱅크 금리 및 CMA 같은 활용법,2017-07-27T10:37:38+09:00,나의 경험담,"[""세이프박스"", ""체크카드!"", ""카뱅"", ""카카오 뱅크""]","아 기다리고 기다리던 카카오 뱅크가 영업을 개시!! 7시 오픈하자 마자 금리랑 서비스부터 알아 보았는데 눈에 띄는 좋은 점들을 간단하게 소개해 봅니다! 아직 계좌는 못 만들었습니다. 지금 서버가 엄청 힘들어하는 것 같아요. 주소 검색도 열라 힘들게 했는데, 계속 에러가 나네요. 곧 괜찮아지겠죠;; 금리부터 우선 금리부터 확인해 봤는데, 상품이 정말 간단합니다. 금리도 괜찮은 수준입니다! 세이프박스 CMA 처럼 비슷한 금리로 하루만 맡겨도 이자 줄테니 CMA 만들지 말고 일루와~ 재테크 좀 하는 분들은 대부분 CMA 계좌를 가지고 계실건데, 카뱅에서는 입출금계좌에서 CMA 같은 역할을 하는 세이프박스라는 기능이 있습니다. CMA처럼 하루만 맡겨도 1.2% 이자를 줍니다. 금리도 딱 CMA와 동등 이상 수준..",0,ok,
212,https://blog.msalt.net/212,윤태호 만화 인천상륙작전 - 5권 팔미도의 밤,2017-07-23T09:05:31+09:00,감상문,"[""Chromite"", ""인천상륙작전"", ""팔미도의 밤""]","전쟁 통에서 살아남기 위한 국민들의 처절한 몸부림을 철구네 가족들을 통해서 구체적이고 사실적으로 표현하고 있다. 북한군에게 점령 당하고 인민군 만세를 외치고, 앞잡이 노릇을 해서라도 간신히 끼니를 때우는 모습은 또 하나의 가슴 아픈 우리 민족의 시련이다. 책에서 전국 곳곳에서 자행된 학살과 즉결처분에 대해서 비중 있게 언급했지만, 전쟁 상황이라 마땅한 기록이 없기에 구체적이고 확실하게 표현하지 못하는 한계가 있다. 하지만 사회 지도부와 권력층은 유엔군에 절대적으로 의지한 채 피난처 부산에서 향락을 즐기며 전쟁은 계속되고, 그 속에서 좌우 이념에 대한 인식도 불분명한 애꿎은 양민들만 핍박 받는 그 상황으로 볼 때 전쟁의 한가운데 있던 국민들이 얼마나 큰 고통을 겪었을 지 상상할 수 있었다. 많은 국민들은 ..",0,ok,
211,https://blog.msalt.net/211,윤태호 만화 인천상륙작전 - 4권 전쟁의 서막,2017-07-19T21:22:33+09:00,감상문,"[""서로 이해하기"", ""세대 갈등"", ""윤태호"", ""인천상륙작전""]","4권이 시작되면서부터 만화 분위기가 갑자기 바뀌었다. 이전까지는 역사, 서사, 드라마에 가까운 내용이었는데 갑자기 다큐멘터리나 기록영화 같은 느낌이 들었다. 주인공들의 개인적인 감정보다는 전쟁의 공포에 대한 표현에 집중해서 그런 것 같다. 책에서 분명 전쟁의 공포에 대해서 사실적으로 묘사하고 표현하고 있지만, 솔직히 한계가 느껴진다. 나는 그나마 군대를 다녀와서 전장이 어떤 분위기인지 일반인보다는 조금 더 잘 안다고 생각하지만, 나에게도 전쟁의 공포는 상상일 뿐이다.이 책을 보고 부모님 세대를 이해하려고, 책에 나온 내용을 최대한 잘 느껴보려 하지만 감히 내가 전쟁의 공포를 알겠다는 말을 할 수가 없을 것 같다. 그냥 조금 더 알게 되었고, 한번 더 되새겨 보는 시간을 가졌다는 것에 만족해야 할 것 같다..",0,ok,
210,https://blog.msalt.net/210,"BLE, Bluetooth Low Energy 비콘 간단 정리",2017-07-19T00:15:51+09:00,기술 이야기,"[""BLE"", ""BLE 간단정리"", ""블루투스"", ""비콘""]","저전력 근거리 통신 기술인 BLE, Bluetooth Low Energy에 대해서 찾아본 내용들을 간단하게 정리해 봅니다. 시작은 내가 가진 웨어러블 디바이스를 어떻게 하면 좀 더 유용하게 써볼까였는데, 생각보다 매력적인 기술 같네요.ㅎ 여기서 간단하게 정리하고, 기회되면 아주 조금 더 깊게 정리해서 올려 보겠습니다. 블루투스란? 노르웨이 국왕? 그렇다면…5G는 세종대왕이나 이순신은 어떨까...ㅎ 블루투스라는 칭호 자체의 유래야 어찌됐든 하랄 1세가 나라를 평화롭게 통일(연결)시키는데 큰 업적을 남긴 것처럼, 여러가지 전자제품의 무선규격을 통일시키자는 의도로 기술의 이름을 블루투스로 정했다. 연구개발원 Jum Kardach가 낸 이름인데, 마침 바이킹과 하랄 왕이 주인공으로 나오는 소설을 읽고 있어서 제..",16,ok,
209,https://blog.msalt.net/209,윤태호 만화 인천상륙작전 - 3권 극단의 시대,2017-07-17T22:15:28+09:00,감상문,"[""윤태호"", ""인천상륙작전""]","1947년 가을, 38선은 봉쇄되고 분단이 시작되었다. 남북에는 각자의 정부가 들어서고 남한 곳곳에선 이념을 빌미로 세력 싸움을 위해 대규모 학살이 자행되었다. 제주 4.3 사건, 여순 사건, 국가보안법, 반민특위 등 대충 알고 있었던 끔찍하고 아픈 역사의 기억이 모두 이 시기에 있었던 것이다. 우린 아직도 극단의 시대에 산다 나를 포함해서 나보다 어린 사람들은 사실 그 시절 이념의 혼란과 그 끔찍한 사건들에 대해서 잘 모르는 경우가 많다. 알려주려 하는 사람도 없고, 알고 싶어하는 사람도 없다. 자랑스런 역사도 아니고 많은 의미를 찾을 수 없는 사건, 사고에 가깝게 여겨지는 것 같다. 과연 그래도 괜찮을까?분단 국가의 아픔은 단순히 제국주의의 폐해이고, 어쩔 수 없었던 일이었을까? 우리는 왜 스스로 하..",0,ok,
208,https://blog.msalt.net/208,[자마린 앱 개발] Chapter 2. Anatomy of an app,2017-07-14T20:29:05+09:00,타이젠 Tizen,"["".NET"", ""C#"", ""Forms"", ""Tizen"", ""Xamarin"", ""자마린""]","자마린을 통한 어플리케이션의 기본 개념에 대해서 소개하고 있다. 앱은 Page - layout - view 의 구성 체계가 바탕이 된다. PCL 과 SAP PCL과 SAP는 프로젝트 구성 방법 중의 하나이며, 중복해서 함께 사용될 수 있다. 프로젝트 / 솔루션을 생성할 때 당장 이것부터 결정해야 해서 다들 적잖이 당황하는데, 알고 보면 별거 아니다.결국 둘은 코드를 공유하는 방법의 차이라고 볼 수 있는데, PCL은 어셈블리를 공유하는 것이고, SAP는 코드를 공유하는 것이다. 그에 따라서 장단점이 나눠지고, 자세한 것은 아래 링크에서 확인 가능하다. Sharing Code Options PCL로 하든 SAP로 하든 플랫폼에 특화된 코드 작업이 가능하며, 하나의 솔루션에서 SAP와 PCL을 둘 다 사용하는..",0,ok,
207,https://blog.msalt.net/207,윤태호 만화 인천상륙작전 - 2권 잔인한 여름,2017-07-12T21:57:59+09:00,감상문,"[""빨갱이의 시작"", ""윤태호""]","혼란과 빈곤, 재난이 함께 몰아친 잔인한 1946년 여름을 알게 되었다. 할아버지, 할머니가 얼마나 힘들었는지, 얼마나 비참하고, 혹독한 시절을 살아냈는지 다 알 수는 없었지만 조금은 더 알게 되었고, 조금은 더 이해할 수 있게 되었다. 연사 연표의 한 두 줄로 기록된 것만으로는 알 수 없는 것들, 느낄 수 없는 것들을 이 책을 통해 보고 느꼈다. 빨갱이라는 말이 이쯤 유행처럼 사용되기 시작했다고 한다. 미군이 가장 싫어했다는 공산주의자. 진정한 빨갱이는 얼마나 있었을지 짐작 조차 할 수 없지만 그 때 시작된 이념 논쟁을 빗댄 편가르기가 아직까지 끊임없이 진행되고 있다. 빨갱이라는 단어가 단순한 선동 구호로 사용되지 않으려면, 우리 국민 모두가 빨갱이에 대해서 제대로 이해하고, 냉정하게 사실 구분을 할 ..",0,ok,
206,https://blog.msalt.net/206,윤태호 만화 인천상륙작전 - 1권 해방과 혼란,2017-07-11T21:42:42+09:00,감상문,"[""강력 추천"", ""추천 만화!""]","회사 도서관의 신간 코너에서 우연히 윤태호 작가의 인천상륙작전을 접했다. 아직까지도 선거 때마다 빨갱이 타령이 나오고, 세대간의 갈등이 커지는 상황에서 언젠가 알아보고 싶은 내용이었기에 반가운 마음으로 집어 들었다. 책에 나온 내용은 국사 연표에 몇 줄 안 나오지만, 그 짧은 기간에 우리 민족이 받은 충격을 실로 엄청난 양이고, 세계사에서도 유래를 찾기 힘든 독특한 경험으로 우리 안에 고스란히 남아있다. 이 책은 만화책이다. 책에 나온 내용은 국사 시간에 얼마 나오지도 않는다. 내가 수학 할 때는 수능 시험 범위에 포함되지도 않았던 것 같다. 하지만 그 짧은 기간 안에 우리 민족이 받은 충격은 실로 엄청난 양이고, 세계사에서도 유래를 찾기 힘든 독특한 경험이다. 세계 2차 대전의 끝에 갑작스레 찾아온 해..",0,ok,
205,https://blog.msalt.net/205,2017 봄 - 오토리버스,2017-07-11T21:35:03+09:00,이달의 노래,[],"매달 그달의 플레이리스트를 만들어서 듣기로 했는데, 그게 좀 벅차서 올해는 계절마다 하기로 했습니다. 2017년 봄 저의 플레이리스트를 공개합니다! 유난히 옛 추억이 많이 떠오른 봄이었습니다. 오토리버스!!! 오토리버스 (feat. TABLO)_싸이 (PSY) 어쩌다보니_안예은 Rainy_어쿠루브(Acourve) Greedy_Ariana Grande(아리아나 그란데) Boogie On _ On_빈지노(Beenzino) Bad Romance_Lady GaGa(레이디 가가) Poker Face_Lady GaGa(레이디 가가) How Do U Want It (feat. K-Ci _ Jojo)_2Pac(투팍) 미안해 (feat. Beenzino)_Zion.T Shape Of You_Ed Sheeran(에드 시런..",0,ok,
204,https://blog.msalt.net/204,[영화] 터널,2017-07-09T22:31:06+09:00,감상문,"[""배두나"", ""오달수"", ""하정우""]","믿고 보는 하정우 주연 터널을 빌려봤다. 같이 보던 와이프는 무섭다고 했지만 나는 이렇게나마 간접 경험을 할 수 있고, 상황에 따른 내 모습을 상상해 볼 수 있어서 재난 영화를 좋아한다. 물론 나도 앞으로 터널 들어갈 때 한번씩은 심장이 쫄깃해질 것 같다. 참 착한 영화다. 처음부터 끝까지 인간미를 마구 뿜어댄다. 인간의 존엄과 생명의 소중함에 대해서 사회의 부조리와 세속의 배금주의를 반대편에 두고 막 밀어대는데도 솔직히 큰 감흥이 없었다. 너무 착하고, 너무 예상 가능한 내용들이라서 그런듯하다. 내용도 좋고, 연기도 다 좋았지만 내 마음에 전달된 자극은 그리 크지 않았다.영화를 보면서 내가 가장 깊이 빠진 곳은 정수(하정우)가 아껴둔 물을 건네는 장면이었다. 이유는 아주 간단하다. 나라면 저렇게 할 수..",0,ok,
203,https://blog.msalt.net/203,[자마린 앱 개발] Chapter 1. How Does Xamarin.Forms fit in?,2017-07-07T22:23:34+09:00,타이젠 Tizen,"["".NET"", ""Forms"", ""Tizen"", ""Xamarin"", ""씨샵"", ""타이젠"", ""타이젠도 이젠 .NET""]","자마린으로 앱 만들어 보려고 자마린에 대해 공부를 시작했다. 좋은 자료가 제공되어서 차근 차근 읽고 있는데, 정리를 해두면 좋을 것 같아 아주 간단하게 요약 정리를 해서 포스팅을 이어가 보려고 한다. pdf는 물론 eBook까지 무료로 제공하고 있다! Creating Mobile Apps with Xamarin.Forms Book First Edition 첫 장은 크로스 플랫폼 앱 개발 환경에 대해서, C#과 .NET 그리고 자마린 폼스에 대해서 소개하고 있다. 원론적인 이야기다.ㅋ 닷넷 어셈블리는 어셈블리어가 아니다. 빌드 산출물을 다른 시스템에서 구동하려면 산출물이 기계어 이전의 어떤 형태를 가져야 하는데, 자마린 크로스 프로젝트를 빌드하면 어셈블리가 나오고 그걸 공유 한다고 해서 처음에 좀 당황했었..",0,ok,
202,https://blog.msalt.net/202,[영화] The Big Short,2017-07-06T23:44:12+09:00,감상문,"[""나도 한 건 크게 하고 싶다."", ""빅 쇼트""]","영화 The Big Short를 봤다. 미국의 서브프라임 모기지론 사태를 예견하고 행동하여 큰 수익을 얻은 사람들의 이야기를 코믹하게 풀어냈다고 하는데, 빅 재미는 없었고, 내용도 좀 식상했다. 내가 이미 관련 다큐멘터리에 너무 많이 노출되었기 때문인지도 모른다. 어째든 재미없었다. 가장 인상 깊은 부분은 브래드피트의 도움을 받아 투자에 성공한 두 청년이다. 다른 주인공들과는 달리 비중은 매우 적지만, 다른 주인공들은 금융 업계 종사자인 반면 두 청년은 아마추어 투자자에 가깝다. 고향에서 투자에 성공해 손에 돈을 조금 쥐고 있지만, 정보력이나 인맥, 자금력은 턱없이 부족한 상태이다. 하지만 브래드피트의 도움을 받아서 엄청난 부를 손에 쥐게 된다!이들이 성공할 수 있었던 것은 다른 사람들이 별로 관심 갖지..",0,ok,
201,https://blog.msalt.net/201,"Show me the money 의 유혹, 로또",2017-07-03T22:20:55+09:00,사람생각,"[""로또는 개나 줘라"", ""스타로 배우는 인생""]","스타 할 때, Show me the money 치면 돈이랑 가스가 갑자기 풍족해 진다. 울트라리스크도 막 한 부대씩 뽑아서 막 보낸다. 이것 저것 다해도 부족함이 없다. Show me the money만 있다면...근데, 그렇게 하다보면 이기고 또 이겨도 재미가 없다. 그리고 허무해진다. 허탈해 진다. 뭐하러 이짓거리 하나 싶다. 본 이미지는 글 내용과 무관합니다 한참을 달려왔는데도 잠깐 쉴만한 여유가 없다는 생각이 들었다. 예전 같지 않게 미래가 걱정되기도 했고, 모아둔 것은 얼마나 되나 샘해보기도 했다. 로또라도 해볼까? 1등되면 10억은 생기겠지? 10억 생기면 뭐할까...가디언을 한 부대 뽑을까… 자원을 빠듯하게 관리해야 스타 고수다. 은행 계좌에 돈이 빠듯하다고 걱정하지 말자. 지금 되게 잘 살..",0,ok,
200,https://blog.msalt.net/200,타이젠 앱 개발자을 위한 오픈그록 OpenGrok TizenXRef 소개,2017-07-01T21:30:09+09:00,타이젠 Tizen,"[""Developer"", ""OpenGrok"", ""Tizen"", ""Tizenxref"", ""개발자"", ""오픈그록"", ""타이젠""]","타이젠 앱 개발자를 위해서 제가 만든 오픈그록 OpenGrok TizenXRef 사이트을 소개합니다. 나도 필요하고, 누군가도 필요한 것들을 만들어서 나도 편하게 쓰고, 누군가에게 도움을 주려는 노력 중 하나 입니다. 오픈그록 OpenGrok 소개 OpenGrok is a fast and usable source code search and cross reference engine. It helps you search, cross-reference and navigate your source tree.OpenGrok Github 생각보다 오픈그록 또는 OpenGrok 으로 검색을 하면 국내 사이트에서는 나오는 것이 별로 없더라구요. 저도 그렇고 주변 사람들, 다른 사업부 사람들도 엄청 유용하게 많이 쓰는..",0,ok,
199,https://blog.msalt.net/199,[영화] SAW,2017-06-29T00:12:09+09:00,감상문,"[""saw""]","아주 적당한 선을 잘 맞춘 영화 같다. 잔인하긴 하지만 필요 이상으로 불필요한 잔인함 없이 적당한 것 같고, 이야기 전개도 너무 복잡하지도 않으면서, 또 너무 단순하지도 않아서 재미있게 즐길 수 있는 것 같다. 화면 구성이나 연출에서 예산 규모가 들어나기도 하지만 크게 스토리 진행을 방해하는 정도는 아니다. 대중성을 잘 갖춘 가성비 좋은 스릴러! 개인적으로 살인마 직소에 대한 이야기나 사건의 발단에 대한 이야기 부분이 빈약하다고 생각했었는데, 스릴러 장르의 긴장감과 몰입에 더 집중할 수 있게 해주는 부분이 된 것 같다. 쓸 때 없이 늘어지는 서사를 대부분 제거한 것이 오히려 관객의 만족도를 높이기 위한 영리한 연출인 것 같다.p.s 왜 자꾸 방탈출 카페가 생각나지...ㅋ",0,ok,
198,https://blog.msalt.net/198,아픈만큼 성장한다,2017-06-26T23:14:28+09:00,사람생각,"[""개똥철학""]","성장하려면 아파야 되는 것처럼, 그러니까 아픈거 참으라는 것처럼 오용되는 경우가 많아서 별로 좋아하지 않는 말이다. 하지만, 문제를 맞닥드리고 그 문제를 스스로 해결할 때 확실히 성장을 경험하게 된다. 무작정 도와주기 보다는 문제를 스스로 해결할 수 있는 기회를 만들어 주자. tizen.msalt.net에 https 적용하려고 ACM, Cloud Front, ELB listener 삽질을 마치며...",0,ok,
197,https://blog.msalt.net/197,"담양, 광주 여행 후기",2017-06-25T10:43:03+09:00,나의 경험담,"[""1913 송정역 시장"", ""갱소년"", ""광주"", ""담양"", ""또아식빵"", ""열정도"", ""청년몰""]","광주에서 결혼식이 있어서 내려가는 김에 둘러본 곳 들에 대해 후기를 남겨본다. 일정 아침 일찍 출발! 간식 - 옛날진미국수 담양 죽녹원 3~4시간 담양 메타세퀘이아길 점심 창평시장 국밥, 재래시장 담양 명옥헌원림 담양 소쇄원 저녁 담양 보자기 광주 1913 송정시장, 국수, 김부각, 갱소년, 영계 담양 옛날진미 국수 면은 보통 먹던것 보다 굵었고, 국물은 너무 진하지 않은 담백한 멸치 육수였다. 특이했던것은 콩나물이 들어있던거랑 다대기에 굵은 야채가 많이 있었던 점이다. 날씨가 무척 좋아서 나무그늘 아래 평상에서 먹는 것이 큰 즐거움이 되었다. 특이했던 것은 콩나물 반찬이 정말 심심하게 맛있다. 가게 한쪽에서 직접 재배해서 사용하시는 것 같던데, 통통한 것이 다른 야채들과 어울려서 맛이 좋았다. 창평시장..",0,ok,
196,https://blog.msalt.net/196,그런 길은 없다,2017-06-24T21:10:56+09:00,좋은 씨앗,"[""그런 길은 없다"", ""시""]","아무리 어둔 길이라도 나 이전에 누구가는 이 길을 지나갔을 것이고, 아무리 가파른 길이라도 나 이전에 누군가는 이 길을 통과했을 것이다. 아무도 걸어가 본 적이 없는 그런 길은 없다. 나의 어두운 시기가 비슷한 여행을 하는 모든 사랑하는 사람들에게 도움을 줄 수 있기를. 베드로시안 삻의 중반 즈음 미로의 한가운데 방황과 고뇌 속에 만난 시 어둔 길을 걷는 나를 격려해준 시",0,ok,
195,https://blog.msalt.net/195,박시백의 조선왕조실록 - 9권 인종.명종실록,2017-06-18T21:38:55+09:00,감상문,"[""독후감"", ""조선왕조실록"", ""폴리페서""]","명종 실록에 명종은 보이질 않고, 시간이 갈 수록 나라는 피폐해져만 가는데 개선될 기미가 보이지 않는 안타까움으로 한 장 한 장을 넘겨야 했다. 백성들은 벼슬아치들에게 착취 당하고, 국방과 치안은 허술하기 짝이 없는데, 사회 지도층은 권력투쟁과 부정축재만 신경 쓰는 구나. 선비와 정치 요즘엔 폴리페서 라는 말이 있는데, 조선시대에는 정치가와 학자 사이의 거리가 어땠을까? 당대의 뛰어난 학자들이 관직에 등용되어 나라를 이끄는데 지혜를 모으는 것이 바람직한 것이라는 의식이 일반적인 것 같다. 하지만 이번 편을 보면서 학자가 현실 정치에 참여하려면 정치를 배워야 하고, 반대로 정치가도 학문을 배우는데 게을리 하지 않는 다면 충분히 훌륭한 정치를 할 수 있을 것이라는 생각이 들었다.문정왕후는 정치력이 상당히 뛰..",0,ok,
194,https://blog.msalt.net/194,소통과 단합을 위한 감성 보드 게임 추천! - 딕싯 Dixit,2017-06-01T20:49:18+09:00,나의 경험담,"[""Dixit"", ""내 카드를 맞춰봐"", ""단합대회"", ""딕싯"", ""보드게임""]","회사에서 팀원들이랑 해봤는데, 정말 너무 좋은 게임인 것 같아서 추천서를 작성해서 포스팅 해둡니다. 게임 자체가 말로써 상대방을 이해해야 진행할 수 있는 게임이라 소통과 단합에도 좋고, 표현력 발달에도 매우 좋은 게임입니다! 우선 게임에 대해서 간단하게 소개를 하겠습니다. 각자 카드를 나눠 갖습니다. 그리고 한 사람이 자신이 가지고 있는 카드 중 하나를 선택해서 그 카드에 대한 설명을 하고 카드를 뒤집어서 냅니다. (카드는 보여주지 않습니다) 나머지 사람들도 설명을 듣고 자기가 가지고 있는 카드 중 가장 비슷하다고 생각하는 카드를 한 장씩 뒤집어서 냅니다. 카드가 다 모이면 다 뒤집어 놓고 각자 투표를 합니다. 설명을 한 사람을 제외한 나머지 사람들은 설명한 사람이 낸 카드를 찾는 것이 목적이고, 설명을..",0,ok,
193,https://blog.msalt.net/193,박시백의 조선왕조실록 - 8권 중종실록,2017-05-30T23:43:00+09:00,감상문,"[""리더의 성공"", ""조광조"", ""조선왕조실록"", ""중종실록""]","중종실록을 읽기 시작할 때 와이프가 ""답답할 일만 남았네~""라고 했다. 진짜 답답했다. 중종은 39년의 즉위기간 동안 왕권을 지키는 일에 가장 신경을 많이 썼다. 본인은 검소하고, 학문을 익히는 일을 게을리 하지 않았지만, 왕권 강화를 위해서 조광조와 같은 충신을 하루 아침에 내팽개치는 일도 서슴지 않았고, 그러다 보니 벼슬아치들의 기강이 바로 서지도 않고, 나라 곳곳에 무질서가 판을 쳤다. 리더의 존재 이유 리더는 우두머리의 특권을 누리는 자리가 아니다. 단어 뜻 그대로 조직을 이끄는 것이 리더이며, 따라서 리더의 성공은 조직의 성공과 직결된다. 왕의 본분은 무엇인가. 리더의 역할은 무엇인가에 대한 고민이 없는 왕이 중종이다. 리더나 왕이 같은 것은 아니지만, 조직을 이끄는 특별한 위치, 직책이라는 공..",0,ok,
192,https://blog.msalt.net/192,박시백의 조선왕조실록 - 7권 연산군 일기,2017-05-28T18:21:15+09:00,감상문,"[""박시백"", ""연산군"", ""조선왕조실록""]","연산군은 조선의 10번째 왕인데, 죽은 뒤 왕자로 폐위되어서 -군으로 불리고, 그의 기록도 연산군 일기가 되었다. 연표를 보니 즉위하고 12년만에 중종반정으로 한 순간에 자취를 감추었는데, 그 짧은 기간에 정말 많은 만행을 저질렀다. 나라가 망가지고 국민이 핍박 받는 것이 그때나 지금이나 마찬가지로, 한 사람의 리더에 좌지우지 되는 것 같아 씁쓸한 기분이다. 자식 교육과 사람됨의 중요성 새삼 한번 더 자식 교육과 인성의 중요성을 되돌아보게 된다. 기록을 보면 연산은 똑똑하고, 정치 감각도 뛰어났다. 하지만, 잘못된 역사관과 세계관이 불안정한 인성 위에 자리잡게 되면서 피의 정치, 악의 정치를 펼치게 되었고, 백성들은 핍박 받고, 국가 시스템은 망가지는 비극이 탄생했다. 교육이 중요하고, 인성 교육, 참 ..",0,ok,
191,https://blog.msalt.net/191,"박시백의 조선왕조실록 - 6권 예종, 성종실록",2017-04-15T21:36:23+09:00,감상문,"[""박시백"", ""성종실록"", ""예종"", ""조선왕조실록""]","6권째 읽고 있는데, 작년에 읽은 1~5권의 내용이 벌써 가물가물하다. 이제 부터라도 간단하게 나마 지극히 개인적인 감상문을 적어 두려 한다. 아버지의 마음 조선왕조실록을 읽으면서 간간이 현재 내 생활과 미래에 대해서 생각을 하는데, 그 중에 가장 많이 하는 것이 교육, 특히 가정 교육인 것 같다. 책에 교육에 대한 내용들이 자세히 나오지는 않지만 세자 때 어떤 영향을 받았는지, 어떤 환경에서 자랐는지에 따라서 왕들의 인품이나 리더쉽이 크게 차이를 드러내는 것 같다. 가장 좋은 것은 가장 좋은 환경이 아니라 자신이 어떤 환경에서 자랐고, 자신의 약점이 무엇인지, 부족한 부분이 무엇인지 잘 알고 있는 것이다. 예종은 자신이 처한 처지와 상황파악을 잘했지만, 즉위한지 14개월여만에 요절하고 말았다. 힘의 균..",0,ok,
190,https://blog.msalt.net/190,[독후감] 2018 인구절벽이 온다,2017-02-06T20:13:45+09:00,감상문,"[""2018"", ""부동산"", ""인구절벽""]","2018 인구절벽인 온다 The Demographic Cliff 를 읽었는데, 다 소화는 못하겠고 소화한 대로 정리해서 남겨둔다. 이미 명견만리 등에서도 많이 이슈화 된 인구 문제에 대해서 호기심을 갖고 읽기 시작했으나 엄청난 양의 자료와 도표를 감당하기 힘들었다. 저자는 시장의 보이지 않는 손에 대한 신뢰가 깊고 금융 위기에 대처하는 방법도 시장에 맡겨서 부실 은행과 기업을 파산하도록 두고 부채를 청산해야 한다고 생각하는 사람이다. 매우 많은 자료를 근거로 패턴과 주기를 찾는 것에 많은 열정을 쏟고 그것들에 대한 소개가 많이 나오는데, 개인적으로는 너무 패턴에 집착하는 것은 아닌가 싶은 생각이 든다. 패턴은 이미 과거임을 명심해야 한다! 우선, 부동산은 가장 궁금했던 내용에 대해서 잘 설명을 해주었다...",0,ok,
189,https://blog.msalt.net/189,"애자일, 스토리 포인트, 그리고 IPM",2017-02-03T18:09:48+09:00,나의 경험담,"[""Agile"", ""IPM"", ""Story Point"", ""스토리 포인트"", ""애자일""]","애자일 방법론으로 소프트웨어 개발하고 있는데, 새로운 스토리 포인트와 IPM(Iteration Planning Meeting)을 최근에 경험했다. 그 동안은 스토리 포인트를 절대시간 기준으로 정해서 산출했는데, 새로운 팀에서는 그냥 팀원들이 상대적으로 0, 1, 2, 3 네 가지로 당장 할 수 있는 일, 쉬운일, 보통, 어려운 일로 정한다. 처음엔 기준이 불분명해서 매우 난감했지만, 시간이 가면서 공감대가 형성이되고 자연스레 우리 팀에서 말하는 기준이 정해지게 된다. 정말 자연스럽게, 은연중에, 보이지 않는 곳에… 누구도 그것을 정확하게 설명할 수는 없지만, 어차피 그런 설명은 필요없다. 우리가 어떤 일에 대해서 서로 어떻게 판단 하는지 공감대가 형성되어서 그 공감대를 기준으로 상대적으로 일관된 스토리 ..",0,ok,
188,https://blog.msalt.net/188,[독후감] 웹 기획자가 알아야 할 글 쓰기의 모든것,2017-01-15T14:16:23+09:00,감상문,"[""nhn은 이렇게 한다"", ""글쓰기"", ""웹 기획""]","NHN은 이렇게 한다 시리즈 중 웹 기획자가 알아야 할 글쓰기의 모든 것을 읽어 봤는데, 개발자도 한 번쯤은 빌려서 읽어보는 것이 좋을 것 같다. 아무래도 책으로 출간된 만큼 웹 서비스에서 글 쓰기에 대해서 정리가 잘 되어 있고, 그 정리된 내용을 읽으면서 개발자 스스로 글쓰기에 대한 생각을 해볼 수 있는 좋은 기회가 될 수 있을것 같다. 굳이 개발자를 언급한 이유는, 개발자가 개발을 하다 보면 이미 기획된 디자인과 내용을 따라서 개발하다 보니 직접 표현하는 일이 드물고, 그러다 보니 오히려 본인의 생각을 표현하는 능력이 퇴화하는 것 같기도해서 동료 개발자들에게 권하고 싶기 때문이다. 실사용자를 생각한다. - 늘 하는 말 매번 강조되는 말이다. 글을 쓸 때도 가장 먼저 고민해 봐야한다. 상대적인 환경을 ..",0,ok,
185,https://blog.msalt.net/185,타이젠 Native UIFW (EFL) Base Scale 에 대한 사실,2016-12-28T19:12:20+09:00,타이젠 Tizen,"[""EFL"", ""Tizen"", ""base scale"", ""native"", ""uifw""]","타이젠 Native UIFW (EFL) Base Scale 에 대한 사실을 몇가지 간단하게 정리해 둔다. 자세한 내용은 아래 링크에서... Multiple Screen Support Base Scale 은 디바이스의 Profile과 DPI에 따라서 달라진다. 단순히 비례해서 커지거나 작아지는 것이 아니다. Base Scale 을 이용해서 Scalable UI를 만들 수 있다. Tizen을 지원하는 디바이스가 다양해지고 있으므로 반드시 고려해야 한다. 아무런 작업을 하지 않으면 pixel값을 의미한다. Edje 에서 스케일 적용하지 않거나, C code에서 Base Scale 적용하지 않을 경우. edc와 .c파일에서 기술된 숫자가 곧 pixel 값이 된다. Edje에서 Base Scale은 기준이되는 S..",0,ok,
184,https://blog.msalt.net/184,레프 톨스토이 인생 10훈,2016-12-27T20:33:14+09:00,사람생각,[],레프 톨스토이 인생 10훈 일하기 위해 시간을 내라. 그것은 성공의 댓가이다. 생각하기 위해 시간을 내라. 그것은 능력의 근원이다. 운동하기 위해 시간을 내라. 그것은 끊임 없이 젊음을 유지하는 비결이다. 독서하기 위해 시간을 내라. 그것은 지혜의 원천이다. 친절하기 위해 시간을 내라. 그것은 행복으로 가는 길이다. 꿈을 꾸기 위해 시간을 내라. 그것은 대망을 품는 일이다. 사랑하고 사랑받기 위해 시간을 내라. 그것은 구원받은 자의 특권이다. 주위를 살펴보는 데 시간을 내라. 이기적으로 살기에는 하루가 너무 짧다. 웃기 위해 시간을 내라. 그것은 영혼의 음악이다. 기도하기 위해 시간을 내라. 그것은 인생의 영원한 투자다.,0,ok,
183,https://blog.msalt.net/183,타이젠 어플리케이션 개발 시작하기,2016-12-26T18:18:55+09:00,타이젠 Tizen,"[""Tizen"", ""쉽게 개발하기"", ""타이젠 샘플""]","샘플을 이용해서 타이젠 어플리케이션 개발 시작하기 좋은 방법을 소개 합니다. 타이젠 어플리케이션은 크게 웹 어플리케이션Web Application과 네이티브 어플리케이션Native Application이 있습니다. 둘 다 장단점이 있으며, 적절히 선택해서 개발하면 됩니다. 둘 다 사용할 수도 있습니다. 예를 들면 서비스 앱은 네이티브로, UI 앱은 웹으로 구성해서 하나의 패키지로 묶을 수도 있습니다. 그렇게 묶인 패키지를 하이브리드 어플리케이션이라고 합니다. 웹이든, 네이티브든 쉽게 시작하기 좋은 방법을 소개합니다. 바로 샘플을 이용하는 것입니다! 샘플 코드를 가져다가 내가 원하는 대로 수정해서 사용하거나, 샘플코드를 보고 사용방법을 확인 할 수 있습니다. 앱 개발을 어떻게 해야 할지 샘플 앱의 구조를 ..",0,ok,
180,https://blog.msalt.net/180,빈 배,2016-12-15T23:41:39+09:00,사람생각,"[""지금 알고 있는 걸 그때도 알았더라면""]","한 해 또 한 해가 지나면서 행동거지가 더 조심스러워지고 있다.나의 말과 몸짓이 점점 더 큰 의미를 갖게 되면서, 작은 행동에도 큰 바람이 일어 더없이 난처한 때도 있었다.시집에서 한 구절을 옮겨 스스로를 돌아본다. 빈배 한 사람이 배를 타고 강을 건너다가 빈배가 그의 배와 부딪치면 그가 아무리 성질이 나쁜 사람일지라도 그는 화를 내지 않을 것이다. 왜냐하면 그 배는 빈 배이니까 그러나 배안에 사람이 있으면 그는 그 사람에게 피하라고 소리칠 것이다. 그래도 듣지 못하면 그는 다시 소리칠 것이고 마침내는 욕을 퍼붓기 시작할 것이다. 이 모든일은 그 배안에 누군가 있기 때문에 일어난다. 그러나 그 배가 비어 있다면 그는 소리치지 않을 것이고 화내지 않을 것이다.세상의 강을 건너는 그대 자신의 배를 빈 배로 ..",0,ok,
179,https://blog.msalt.net/179,국정 농단으로 다시 만난 51%,2016-11-23T22:57:30+09:00,사람생각,"[""국정농단"", ""박근혜"", ""반성"", ""우리가 뽑은 책임"", ""우리의 선택"", ""하야해야""]","51%만 의 대통령이 아니었던 것처럼 이제 88% 국민의 바람대로 그만 내려오길 바라며 이번 사건 이후 불어올 변화에 대해 작은 소망을 적어봅니다. 나에게 51%란 51%는 나와 다른 사람이다. 사실 크게 다르지도 않다. 내 주변에서 나와 함께 생활하는 사람들이고, 생각도 비슷하다. 하지만 정치에서는, 선거에서는 확실히 달랐다. 처음에는 이해하기 힘들었고, 답답한 마음에 속상했지만 두 번의 대선을 치르는 동안 내 생각도 많이 달라졌다. 분노보다 안타까움 정말 그들의 뜻이 맞나? 사실 51%를 포용하고 존중하는 일은 어렵지 않았다. 당연한 일이다. 나의 의견만큼 그들의 의견을 존중한다. 하지만, 내가 답답했던 부분은 너무나 잘 모르고 선택이 이뤄졌다는 것이다. 흔한 일이지만 선거 때가 되면 흑색 선전이 난..",2,ok,
178,https://blog.msalt.net/178,오픈그록 OpenGrok 고급진 사용법,2016-10-24T23:25:25+09:00,기술 이야기,"[""OpenGrok"", ""Tizenxref"", ""사용법"", ""소스검색"", ""오픈그록"", ""응용"", ""타이젠""]","오픈그록 OpenGrok 고급진 사용법에 대해서 간단하게 글을 써보려고 합니다. 특별히 어려운 것은 없지만, 막상 찾아보면 잘 안나와있는 내용을 정리해 봅니다! 간단한 소개 쉽게 설명하자면, 웹 브라우저에서 코드 검색을 쉽고 빠르게 할 수 있는 프로그램입니다. Java와 Servlet Container 그리고 Exuberant Ctags를 이용하여 구성되며, 다양한 언어와 형상관리툴들의 정보를 색인할 수 있습니다. OpenGrok is a fast and usable source code search and cross reference engine. It helps you search, cross-reference and navigate your source tree. OpenGrok github 설치하..",3,ok,
177,https://blog.msalt.net/177,"타이젠 플랫폼 버전과 디바이스 기능 확인하는 방법, How to check Tizen OS version and features of target devices",2016-10-17T23:41:32+09:00,나의 경험담,"[""Gear"", ""Gear S2"", ""OS Version"", ""Spec"", ""Tizen"", ""platform version"", ""버전 확인법"", ""타이젠"", ""플랫폼 버전""]","타겟 디바이스의 타이젠 플랫폼 버전과 지원 기능등을 확인 하는 방법을 올려봅니다. 타이젠이 탑재된 디바이스가 하나 둘 늘어가고 있기 때문에 앱 개발 할때도 대상 디바이스들의 상태를 확인해줘야 합니다. 삼성 개발자 사이트입니다. 스마트 TV와 Z, Gear에 타이젠 로고가 붙어있습니다. 그럼에도 불구하고 Gear S2의 타이젠 플랫폼 버전에 대해서는... /etc/config/model-config.xml sdb로 디바이스 연결하셔서 /etc/config/model-config.xml 파일을 열어보시면 됩니다. SDK에서 파일 브라우저를 통해서 pull해서 열어보셔도 됩니다! 제 Gear S2의 파일를 확인해보니, Tizen 2.3.1이고, Exynos 3250이 탑재되었네요. NFC는 card emula..",0,ok,
176,https://blog.msalt.net/176,[독후감] 왜 내 ppt 자료는 2% 부족할까 - 2%로만?,2016-10-13T00:31:33+09:00,감상문,"[""PPT"", ""알아도 잘 안됨"", ""요령"", ""자료 작성법"", ""후딱 보고 샤샥""]","2%로만 부족하면 이책 보지도 않았을거다. ppt 작성할 일은 드문데 그 역할이 중요할 때가 많고, 그때마다 부족한 내 ppt 자료를 보고 안타까워 했던터라...다른책 빌리러 자료실 들렀다가 제목에 시선이 가서 덮석! 빌려와서 후딱! 보고 샤샥! 정리해 둔다. 6W2H - 누가, 언제, 무엇을, 왜, 어디서, 어떻게, 누구를Whom, 얼마나How much 누구를 얼마나까지 자세하게! 파악한다. 자료에도 개성을 담아라 - 잘 담을 수 있다면 담는 것이 좋다 3은 마법의 숫자 - 교회 목사님과 정치인들이 좋아하는 숫자 첫 글자를 딴 한단어를 만들어라 - 노사모처럼 쉽게 기억될 수 있다 나만의 템플릿 - 색상, 폰트등 저자는 배려와 준비의 측면이라고 하지만 내 생각에 요즘엔 과하면 좀 낭비라는 느낌이 많이 든..",0,ok,
175,https://blog.msalt.net/175,배란다에 박쥐가 날라왔어요,2016-10-11T23:11:56+09:00,나의 경험담,"[""도시화"", ""박쥐"", ""배란다 박쥐"", ""아파트 박쥐""]","어느날 배란다에 박쥐가 날라와서 붙었습니다. 수원에는 흔히있는 일이라고 하던데, 저희 가족은 모두 처음 봤습니다.ㅎ 박쥐라고 하면 보통 흡혈 박쥐 같은거 생각나고 왠지 무서운 느낌인데, 되개작고 귀엽네요. 그리고 해롭지도 않다고 합니다. 심지어 천연기념물! 박쥐는 박쥐목 또는 익수목(翼手目, Chiroptera) 포유류의 총칭이다. 포유류 가운데 유일하게 날 수 있는 종류이다. 열매를 먹는 큰박쥐류와 벌레를 잡아먹는 작은박쥐류로 나뉜다. 하지만, 과일을 먹는 과일박쥐나 가축의 피를 빠는 흡혈박쥐처럼 특이한 식성을 가진 종들도 있다. 특히 작은 박쥐류는 초음파를 내어 반향음으로써 먹이를 찾으며, 장애물도 피한다. 북극과 남극을 제외한 모든 지역에 분포하고 동굴·폐갱(廢坑)·나뭇구멍·삼림 및 인가 등 여러 ..",0,ok,
174,https://blog.msalt.net/174,1607 금요일에 만나요,2016-10-09T22:53:25+09:00,이달의 노래,"[""노래추천"", ""이달의 노래"", ""좋은노래""]","요즘 소홀했네요. 불금 불금! 언제나 설레는 금요일에 만나요! 아이유, 금요일에 만나요 아이유, 새신발 악동뮤지션, 초록창가 악동뮤지션, 주변인 장기하와 얼굴등, 깊은 밤 전화번호부 빈지노, Aqua Man 블락비, Toy Maroon 5, Payphone 어쿠루브, 하고 싶은 말 어쿠루브, 우연이라도 이승기, 결혼해 줄래 지누션, A-Yo",0,ok,
173,https://blog.msalt.net/173,사랑은,2016-09-21T22:27:03+09:00,좋은 씨앗,"[""류시화"", ""사랑은"", ""오스카햄머스타인""]",종은 누가 그걸 울리기 전에는 종이 아니다. 노래는 누가 그러 부르기 전에는 노래가 아니다. 당신의 마음속에 있는 사랑도 한쪽으로 치워 놓아선 안된다. 사랑은 주기 전에는 사랑이 아니니까. 오스카 햄머스타인 사랑하는 사람은 아름답다. 나는 얼마나 사랑을 주었는가 내 인생 짧은 불빛이 아름답길… 오늘 더 사랑하자! 맛소금,0,ok,
172,https://blog.msalt.net/172,[독후감] 제로 투 원 Zeor to One - 0에서 1이 되는 방법을 알려주는 책,2016-07-27T19:55:05+09:00,감상문,"[""스타트업"", ""제로투원"", ""창업""]","회사 휴게실에 있길래 그냥 읽었는데, 식상할 수도 있는 이야기를 흥미롭게 잘 쓴것 같다. 아무래도 저자 본인의 경험을 바탕으로한 사실적인 생각이 잘 표현되었기 때문인것 같다. 언제나 진실된 이야기는 힘이 있다. 1을 창조하라 0에서 1을 만드는 것이 무엇인지, 그리고 그것이 얼마나 중요한지 역설하면서 시작한다. 흡입력이 굉장히 강한 부분이다! 본문을 그대로 옮겨 둔다. 어떻게 하면 되는지 사람들이 이미 알고 있는 일을 다시 해봤자 세상은 1에서 n이 될뿐이다. 익숙한 것이 하나 더 늘어날 뿐이라는 말이다. 그러나 뭔가 새로운 것을 창조하면 세상은 0에서 1이된다. 창조라는 행위는 단 한 번뿐이며, 창조의 순간도 단 한 번뿐이다. 그 한번의 창조로 세상에는 낯설고 신선한 무언가가 처음으로 생겨난다. '새로..",1,ok,
171,https://blog.msalt.net/171,Tizen WebApp App Control Example and Tip - Media 파일 pick 하기!,2016-07-19T23:11:04+09:00,나의 경험담,"[""Tizen"", ""개발"", ""삽질"", ""예제"", ""웹앱"", ""타이젠""]","알고나면 정말 간단한 것인데, 알기까지 좀 힘들었다. 그래서 다른 누군가를 위해 정리해둔다. 타이젠 웹앱에서 App Control로 Media 파일 가져오기! 목표 어플리케이션에서 사용자가 선택한 사진 또는 동영상을 다루고 싶을때, App Control의 Implicit Launch 기능으로 특정 앱을 런치하여 Media 파일을 선택하고 그 파일의 정보를 전달받는 것 이론 이론은 생략한다.ㅋㅋㅋ App Control 과 Implicit Launch, Explicit Launch는 다른 플랫폼에서도 일반적으로 사용되는 것이니...아래 링크로 대신한다. Application Information and Controls 모범 예제 마음 급한 분들을 위해서 모범 예제를 먼저... //1. App Control ..",0,ok,
170,https://blog.msalt.net/170,삼성전자 Tizen Talks DevSchool 행사 소개!,2016-07-10T20:13:21+09:00,타이젠 Tizen,"[""Developer"", ""SAMSUNG Mobile"", ""Samsung Tizen"", ""Tizen"", ""Tizen Talks"", ""Web Application"", ""타이젠"", ""타이젠톡스""]","삼성전자의 Tizen Talks DevSchool 행사를 소식을 듣고, 좋은 무료 타이젠 강좌라니 널리 알려야 겠다는 생각에 몇글자 적어봅니다. 온오프믹스 행사참여 페이지 타이젠은 아시죠? 삼성전자 주도로 개발되고 있는 오픈소스 OS 프로젝트이며, 많은 삼성전자 제품들에 사용되고 있습니다. 스마트 폰은 물론이고 TV와 기어 같은 웨어러블에도 들어가있습니다. 타이젠은 모바일, 웨어러블 TV, IVI 기기 등을 지원하는 다목적 운영 체제로써, 삼성전자와 인텔이 참여하는 타이젠 연합에서 개발 중이다. 리눅스 커널을 사용하는 오픈 소스 프로젝트로 진행되고 있다.나무위키 그럼 타이젠 톡스는? 페이스북에 개설된 타이젠 커뮤니티입니다. 타이젠에 관심을 갖은 사람들이 모인 자유로운 내용의 커뮤니티인데, 개발 관련 질문..",0,ok,
169,https://blog.msalt.net/169,기어 왓치페이스 디버깅 팁 Gear Tizen Webapp Watchface Debuging Tip,2016-07-08T23:45:16+09:00,타이젠 Tizen,"[""개발"", ""기어"", ""디버깅"", ""시계"", ""왓치페이스"", ""웹앱"", ""타이젠"", ""팁""]","타이젠 OS의 갤럭시 기어 와치페이스 웹앱 와치페이스 디버깅 팁입니다. Galaxy Gear Tizen Webapp Watchface Debuging Tip 별것도 아닌데 타이틀이 엄청 기네요.ㅋㅋㅋ 웹앱 개발할 때 사실 저는 IDE를 안씁니다만;; 전혀 안 쓸 수는 없고 꼭 필요할 때가 있거든요. 특히! 타이젠 API 사용할때는 꼭 필요합니다. IDE에서 아래처럼 debug 실행하면 크롬 디버거가 실행되어서 디버깅에 매우 유용합니다! 근데, Watchface 는 안되더라구요. 지금은 안된다는 것 같아요. 그래서 아래처럼 config.xml에서 tizen:category 부분을 주석처리 해서 일반 앱처럼 띄워서 디버깅 하면 됩니다!!! 사실 이렇게해도 Ambient 모드는 또 디버깅이 힘듭니다. 후.....",0,ok,
168,https://blog.msalt.net/168,도메인 만료 후 같은 웹서버로 도메인만 변경하기 301 Redirection,2017-09-10T09:48:58+09:00,기술 이야기,"[""도메인 변경"", ""삽질""]","delisalt.me 도메인이 만료되어서 msalt.net으로 변경하게 되었다. 변경이 이렇게 귀찮은 일일 줄이야. 귀찮은 일들의 과정을 정리해 둔다. 나같은 누군가를 위해... 정말 가벼운 마음으로 싸게 나온 .me 할인 받아서 샀는데, 연장부터 열라 비싼것이 함정. .net이 6월까지 30%할인 하길래 질렀는데, 할인을 또하네...-_-;어째든, 서버는 그대로인데, 도메인만 변경하는 경우 해줘야 할 일 들을 정리해 본다. 해야 할 일 새로운 도메인에 서버 연결 (당연..ㅎ) 소스에 도메인 하드 코딩된 부분 모두 변경 도메인변경 공지 팝업 띄워주기 301 Redirection 시켜주기 - 제일 중요! 블로그 설정 변경하기! - 티스토리나 네이버에서 설정 검색엔진에 알려주기 (구글 웹마스터, 네이버 웹마..",2,ok,
167,https://blog.msalt.net/167,1606 착하게 살어,2016-07-02T08:25:31+09:00,이달의 노래,"[""노래 소개"", ""노래 추천"", ""이달의 노래""]","정말 오랫만이네요. 양동근의 스웨그로 이달의 노래를 소개해봅니다. 양동근, 착하게 살어 비와이, 중2병 비와이, The Time Goes On 이하이, 손잡아 줘요 장기하와 얼굴등, 내 사랑에 노력한 사람이 어딨나요 악동뮤지션, 사람들이 움직이는게 트와이스, Cheer up 어반자카파, 널 사랑하지 않아 Aerosmith, I Don't Want To Miss A Thing",0,ok,
166,https://blog.msalt.net/166,친환경 깍지벌레 퇴치법!,2016-06-19T23:47:20+09:00,초록이들,"[""깍지벌레"", ""무당벌레"", ""초록이들"", ""친환경"", ""친환경 농사""]","집에서 키우는 초록이들 뿐만 아니라 농업 전선에서도 큰 골치거리인 깍지벌레! 깍지벌레를 친환경적으로 퇴치해 본 결과를 공유해 봅니다.예전에 겨울나면서 덥고 건조한 실내 환경때문에 호야에 깍지벌레가 나왔는데 손으로 제거해서 큰 문 제가 없었습니다. 근데, 조금만 건조하고 따뜻한 환경이되면 매년 조금씩 다시 생기더라구요. 정말 끈질기게...종류는 산호세깍지벌레인것 같아요. 산호세깍지벌레 [San Jose scale] - 매미목 > 둥근깍지진딧물과그나마 다행인게, 호야에서만 생겨서 손으로 제거가 쉬웠습니다. 호야는 입이 넢고 커서 발견하기도 쉽고 제거하기도 쉬웠습니다.그런데! 작년 봄에 키우기 시작한 로즈마리에서 동일한 녀석이 등장했습니다. 로즈마리화분 2개중 한개가 과습으로 죽어서...나머지 하나는 매우 건..",0,ok,
165,https://blog.msalt.net/165,"프로그래뮤저, Programuser 시대가 온다! - 코딩을 배우세요!",2016-06-16T23:10:46+09:00,사람생각,"[""나도 멋진 말 만들어 봐야지"", ""코딩은 즐거워"", ""프로그래머여 일어나라"", ""프로그래뮤저""]","코딩을 배우세요! 코딩을 배우면 분명 당신이 하고 있는 또는 하고싶은 모든 일에 도움이 될것 입니다. 맛소금 당신이 지금 무슨일을 하든지, 나이와 성별이 어떻게 되든지 코딩(프로그래밍)을 배우길 추천합니다. 왜 코딩을 배워야 하는지 제 생각을 간단하게 적어볼께요. 꼭 흥미를 갖게 되시길!ㅎ 코딩 교육 열풍 요즘이라고 하기도 민망할만큼 요즘 코딩 교육이 활발합니다. 세계 각국에서도 코딩 교육에 많은 관심을 갖고 있고, 교육 관련 업계도 발빠르게 움직이고 있습니다. '코딩' 조기교육 열풍…800만원짜리 캠프까지 등장, JTBC초·중·고교 정규 과목 지정된 SW 코딩 교육이 뭐지?, 레이디경향SW 교육 의무화 되니 사교육 먼저 움직여, 학업부담 가중 vs 교육기회 제공…의견 갈려, zdnet코딩교육 거품, t..",0,ok,
164,https://blog.msalt.net/164,타이젠 기어 S2 수익 공개! - 스토어 등록 후기,2016-04-27T11:35:34+09:00,나의 경험담,"[""기어 S2 블루오션"", ""기어 S2 수익 공개"", ""기어 S2 스토어 등록 후기"", ""오라 와서 거두라""]","타이젠으로 만들어진 삼성 기어 S2를 스토어에 등록했습니다. 과감하게 수익을 공개해봅니다! 무료앱이라는 것은 함정ㅋ지난 번에 GWD(Gear Watch Designer)로 나만의 시계를 만드는 법을 정리했었는데요. 그걸 깃헙git hub에 올려두었고, 삼성 앱스 스토어에도 올려두었습니다. 너무 허접하지만 그냥 한번 해보는데 의미를 두었을뿐...완전 잊고 있다가 셀러 오피스에 들어가보고 다소 놀랄만한 결과에 그 내용을 공개해봅니다. 삼성 앱스에 등록 제가 만든 기어 S2 왓치는 삼성 앱스에 등록해 두면 됩니다. 타이젠 스토어 아님! 등록하려면 우선, 삼성 셀러 오피스에 가입해야 합니다.어플리케이션 판매자로 등록한 다음 신규 어플리케이션 등록과정을 거쳐서 본인이 만든 기어 어플리케이션을 등록하면 됩니다! 통..",0,ok,
163,https://blog.msalt.net/163,[독후감] 오래가는 UX 디자인 - 좋은 UX책!,2016-04-19T23:01:54+09:00,감상문,"[""UX 가이드"", ""UX부터 시작하라"", ""사용자 경험 디자인""]","UX에 대해서 알아보고 싶은 사람이라면 조건없이 누구나 한번쯤 읽어봐도 좋은 책이라고 생각한다. 기본적인 개념부터 실질적인 업무와 직업, 그리고 방법론까지 참 읽기 좋은 UX로 만들어진 좋은 책이다. 강력 추천!인상깊은 부분을 추려서 내 생각과 함께 정리해 본다. 사용자 경험이란? 사용자가 기업과 서비스, 그리고 기업의 제품과 상호작용 하면서 얻는 모든 측면의 경험! 기술중심 디자인, 기능 중심 디자인, 경험 중심 디자인 기술과 기능에 대해서 열띤 각축을 벌이고 있을때 애플은 경험을 이야기 했다. 최고의 기술과 기능에 대한 공학적인 접근이 아니라 그걸 사용하는 소비자의 관점에서의 접근이었다. 제품의 존재이유부터 다시 생각한 그 자세가 참 멋있다. 고객 중심이라는 말은 그 전부터 이미 많은 회사들이 사용하..",2,ok,
162,https://blog.msalt.net/162,20대 국회의원 안철수와 국민의당을 기대해 봅니다,2016-04-14T00:13:35+09:00,사람생각,"[""20대 총선"", ""국민의당"", ""안철수"", ""정권교체""]","제 20대 국회의원 선거의 결과가 곧 나오겠네요. 결과를 앞서 많은 사람들이 우려하는 부분을 바탕으로 안철수와 국민의당에 대한 기대를 끄적여봅니다. 단일화 무산 야권 후보 단일화에 적극적이지 않았다는 이유로 많은 사람들이 안철수와 국민의 당을 욕하고 새누리당의 과반확보를 우려했습니다. 저는 단일화 안한것이 정말 잘한 것이라고 생각합니다. 선거는 이기는 것이 중요하고, 최선을 뽑기보다 최악을 피하는 것이 더 중요하다고 하지만 어째든 선거가 내 뜻을 대변할 사람을 뽑는 것인데, 3~5명의 다양한 후보들이 결국은 한명으로 합쳐지는 일이 매번 반복되는 것이 선거의 참뜻에 맞는 것인지 모르겠습니다.여, 야를 구분하고 견제가 가능하도록 적당히 균형을 갖는 것이 중요하지만 그게 꼭 후보 단일화를 통해서만 이뤄질 수 ..",0,ok,
161,https://blog.msalt.net/161,가난해도 유기농을 먹습니다.,2016-04-11T23:45:02+09:00,사람생각,"[""녹색당 잘 됬으면 좋겠다"", ""유기농"", ""유기농을 먹자"", ""환경 운동""]","잘사는 사람들이 먹는 유기농, 까탈스럽고 몸에 좋은 것 엄청 따지는 사람이 먹는 것이 유기농이라는 생각을 하실지 모르겠지만, 저는 가난하고 털털하지만 유기농을 먹습니다. 대단한 철학이 있는 것도 강박이 있는 것도 아니지만 저에겐 기분 좋은 작은 실천 같은 것입니다. 머리가 커지고 사회문제에 관심이 많아지면서 투덜투덜 불만이 생기기 마련입니다. 사회에 잘 못 된 것이 너무 많다는 생각이 든다면 충분히 어른이 되었다고 볼 수도 있을 것 같습니다. 그리고 그 잘 못을 바로 잡기 위해서 조금이라도 애쓰는 일이 늘어나고 있다면 조금씩 좋은 어른이 되고 있다고 생각합니다. 이를 테면, 종이컵대신 머그컵을 쓰고, 작은 것도 분리 수거해서 버리고, 공원의 수돗물도 아낄 줄 아는 사람처럼 말입니다. 저는 음식을 먹을 때..",0,ok,
160,https://blog.msalt.net/160,인생은 지우개 없이 그리는 예술이다.,2016-04-10T21:59:43+09:00,좋은 씨앗,"[""인생이란""]",인생은 지우개 없이 그리는 예술이다. Life is the art of drawing without an eraser.John W. Gardner,0,ok,
159,https://blog.msalt.net/159,아파트실거래가차트 개발 후기 #2,2016-04-07T22:24:32+09:00,만들기,"[""맛소금 아파트실거래가차트"", ""아파트 실거래가 조회""]","개발 후기 #1에서는 기술적인 내용보다는 생각과 고민들 중심으로 적어보았고, 이번에는 기술적인 내용을 적어보려고 한다. 이 글이 누군가에게 도움이 된다면, 뛰어난 기술 설명이라기보다 알고보면 별것 아니라는...자신감을 고취시켜주기 때문일 것이다. 캐시 최대한 적용. 웹 앱에서의 성능 문제에 대해서 고민을 많이 하게되었다. http 커넥션의 횟수나 주고받는 데이터의 양에 대해서 큰 고민 없이 만들었는데, 초반에 오유와 뽐뿌에서 베스트에 선정되면서 접속자가 폭주하며 서버가 죽었고, 부랴부랴 개선을 했다. 주고받는 데이터 양을 최소화 하자. 데이터 전송 횟수를 최소화 하자.맛소금 생각 결론부터 말하면, 간단한 데이터라 하더라도 서버에서 가져온 데이터가 계속 유효하다면 브라우저에 저장하도록 수정했다. 방법은 매..",0,ok,
158,https://blog.msalt.net/158,아파트실거래가차트 개발 후기 #1,2016-04-04T22:09:34+09:00,만들기,"[""맛소금 아파트 실거래가 차트"", ""아파트 실거래가 조회"", ""아파트 실거래가 차트""]","정말 많은 부족함을 깨닫고 동시에 희망을 보여 주었던 아파트실거래가차트 프로젝트 완성 후기를 간단하게 정리해 본다. 제작하게된 동기 회사에서 업무가 바뀌면서 웹앱 개발에 대해서 알게 되었는데, 생각보다 너무 쉽고 매력적이어서 한번 개인프로젝트를 진행해 보고 싶었다.공공성을 띄면서 의미있는 프로젝트를 만들어 보고 싶다는 생각을 하고 있었다. 그러던 중 UX 관련 책을 읽다가 내가 종종 들어가는 국토교통부 사이트를 확 한번 바꿔 볼 수 있지 않을까해서 정말 가벼운 마음으로 UX 개선에 포커스를 맞춰서 시작하게 되었다. [독후감] 실전UX디자인 제작 컨셉 - UX 중심으로 재해석 UX를 재해석 해보는 것이 목적이었다. 모바일에서도 간편하게, 쉽게, 보기 좋게 접근하자가 전부다. 그래서 지금도 성능이나 기능은 ..",2,ok,
157,https://blog.msalt.net/157,"[독후감] 슈퍼차이나 - 역시 대륙, 과연 대륙은 다르구나",2016-04-03T01:13:32+09:00,감상문,"[""공산당"", ""대륙의 힘"", ""슈퍼차이나 독후감"", ""팍스 시니카""]","KBS 다큐멘터리 슈퍼차이나를 책으로 봤다. 역시 대륙이라는 생각이 들었고, 과연 대륙이라는 생각을 계속하고 있다. 말로만 듣던 대륙을 조금 더 알게 된것 같아 좋았고, 앞으로 어떻게 발전하고 변하게 될지 호기심과 상상력에 많은 자극을 주었다. 13억 인구의 엄청난 소비력 익히 들어서 알고 있던 내용들이지만 한번 더 놀라게 되었다. 중국하면 소비보다는 생산, 세계의 공장 같은 것이 많이 생각나지만 곡물부터 시작해서 원자재까지 세계시장에 엄청난 영향력을 주고 있다. 중국 음식에 돼지 고기가 많이 사용되는데, 세계 돼지 고기의 절반이 중국에서 소비된다고 한다. 책에는 나오지 않지만, 중국인들의 소득수준이 올라감에 따라 조만간 비교적 고가인 해산물 식자재의 시장 환경도 엄청나게 급변하게 될 것이라고 예측하는 ..",0,ok,
156,https://blog.msalt.net/156,[독후감] 허삼관 매혈기를 읽고,2016-03-23T22:24:20+09:00,감상문,"[""독후감"", ""허삼관 매혈기""]","허삼관 매혈기를 알게 것은 우연히 하정우씨와 위화 작가의 만남과 영화 제작에 대한 기사를 접하고 나서였다. 세계적으로도 그리고 우리나라에서도 많은 사랑을 받고 있는 작품이라는 사실을 알고 호기심이 생겨서 덥석 구입했다. 소설 배경이 중국이라 몰입이 쉽지 않았지만, 일전에 읽은 중국 소설 '사람아 아 사람아'와 비슷한 풍경이 연출되어서 도움이 많이 되었다. 여러가지 생각이 났고, 웃음과 눈물이 있는 재미있는 소설인것 같다. 허삼관이 허옥란과 결혼하였지만 첫째 아들 일락이가 이전 남자 하소용의 아들이라는 사실에 하소용이 교통사고로 죽을때까지 하루가 조용할 날이 없이 이어지는 에피소드들에 실소를 그칠 수 없었다. 그리고 그 가운데 허삼관의 푸근한 인간미를 느끼며 잔잔한 감동을 받았다. 일락이를 데리고 국수집으..",0,ok,
155,https://blog.msalt.net/155,"[독후감] 사업의 철학, 마이클 거버",2016-03-03T20:20:07+09:00,감상문,"[""마이클 거버"", ""사업의 철학""]","마이클 거버의 사업의 철학을 읽었다. 제목이 마음에 들어서 보기시작했는데, 세계적인 베스트 셀러라고 하네. 어째든 내 평점은 '음...좋네' 정도로 적어두고 싶다. 내용은 좋은데 사업의 철학이란 타이틀이 조금 안맞는 것같아 내 기대치에 못미쳤다. 기업가와 관리자 그리고 기술자 간단 명료하고 훌륭한 비유와 설명으로 셋을 설명했다. 셋 모두 중요하고, 각자의 관점에서 상대를 이해하는 습관을 갖아야 한다. 우리 내면에 서로 다른 셋이 조화롭게 존재하도록!이를 테면, 나에게 주어진 어떤 이슈에 대해서 세가지 입장에서 모두 생각해 보는 것이다. 내가 만약 기업가라면, 내가 만약 관리자라면...기술자는 가정을 안해도 되더라...ㅠ 그래서 일부로라도 더 기업가와 관리자 입장에서 생각하려 노력한다. 기업가와 관리자, ..",0,ok,
154,https://blog.msalt.net/154,혼자있는 시간,2016-03-01T22:07:43+09:00,사람생각,"[""혼자있는시간""]","나는 때때로 아무도 없는 방에서, 집 근처 벤치에서, 아니면 그냥 배란다에 서서 나를 만난다. 이런 저런 고민이 어지럽게 나를 방해하지만, 조용히 내 소리에 귀를 기울이다보면 그런 것은 금방 잊혀진다. 마치 렌즈의 초점이 먼곳에 맞춰지면서 눈앞에 머리카락이 보이지 않는 것 처럼.혼자있는 시간이 지나고나면 나는 다른 사람이 된다. 특별히 다른, 특별히 멋진 생각을 하는 것도 아닌데, 신기할 만큼 다른 기분이다. 그저 옛날 생각을 하기도 하고, 어제 점심 먹은 것을 떠올리기도 하지만 그 시간이 지나면 나는 다른 사람이 되어있다. 왜 그런지, 어떻게 그렇게 되는지 설명 할 수 없지만, 그냥 한번 해보라고 권해보고 싶다. 책을 읽는것보다 선생님을 찾아 헤매는 것보다 더 유익하고 즐거운 시간을 경험 할 수 있다...",0,ok,
153,https://blog.msalt.net/153,[타이젠 기어 S2] 기어 왓치 디자이너로 나만의 시계만들기,2016-02-21T21:58:12+09:00,만들기,"[""Gear Watch Designer"", ""Tizen"", ""갤럭시 기어"", ""기어 왓치 디자이너"", ""기어S2"", ""나만의 시계"", ""시계 화면 만들기"", ""타이젠""]","타이젠OS의 기어 S2에 기어 왓치 디자이너로 나만의 시계만들어서 탑재해 보았습니다. 중간 중간 작은 어려움이 있었지만, 개발자나 디자이너가 아니더라도 자기만의 스타일로 기어 S2 시계화면을 꾸밀 수 있습니다. 도전해 보세요!왓치 디자이너가 무엇인지 모르시는 분은 이전글을 확인해 주세요. 손쉽게 나만의 기어 S2 시계를 만들자! 기어 왓치 디자이너 출시! 맛소금 시계화면 만들기 예제를 바탕으로 만드는것이 제일 좋겠죠?ㅎ 제가 만든 시계화면의 프로젝트파일과 리소스파일을 공유합니다. 첨부파일과 맛소금 깃허브에 올려두었어요~ㅎ 기본화면으로 가족사진을 앞에 두고 터치하면 시간과 날짜, 배터리 상태가 표시됩니다. 사진은 시간마다 바뀌게 할 수도 있지만, 3개의 사진이 교체되도록 해두었습니다. 3시 방향에 분을 표..",0,ok,
152,https://blog.msalt.net/152,1601 별일 없이 산다,2016-02-17T08:59:15+09:00,이달의 노래,"[""1월의 노래"", ""이달의 노래""]","니가 깜짝 놀랄만한 얘기를 들려주마. 아마 절대로 기쁘게 듣지는 못할거다. 뭐냐하면 나는 별일 없이 산다. 뭐 별다른 걱정 없다. 나는 별일 없이 산다. 이렇다 할 고민 없다. 니가 들으면 십중팔구 불쾌해질 얘기를 들려주마. 오늘 밤 절대로 두 다리 쭉 뻗고 잠들진 못할거다 그게 뭐냐면. 나는 별일 없이 산다. 뭐 별다른 걱정 없다. 나는 별일 없이 산다. 이렇다 할 고민 없다. 별일 없이 산다. 사는 게 재밌다. 나는 사는 게 재밌다 매일매일 하루하루 아주 그냥~ 별일 없이 산다, 장기하와 얼굴들 Just A Boy, Angus & Julia Stone Wasn`t Expecting That, Jamie Lawson What A Girl Wants, 포미닛(4minute) OOH-AHH하게, TWICE..",0,ok,
151,https://blog.msalt.net/151,한국정치 속 안철수를 응원합니다,2016-02-16T22:49:26+09:00,사람생각,"[""안철수"", ""응원합니다""]","한국정치에서 안철수를 응원하는, 안철수에 대한 개인적인 생각을 적어보려합니다. 개인의 정치 취향보다는 한국 정치에 대한 바람과 생각을 써보고 싶습니다. 지극히 개인적인 글입니다. 정치 안했더라면 참 좋았을텐데 정치 안했더라면 참 좋았을텐데라는 글이 정말 많습니다. 아마 존경받던 분들이 정치판에 뛰어 들었다가 불명예스럽게 퇴진하는 경우가 왕왕 있었기 때문에 안좋은 결말에 대한 우려섞인 목소리 일것입니다. 저는 반대로 몇번의 실패가 있었기에, 다시 도전이 필요한 의미있는 일이라고 생각합니다.정치가 흙탕물에 똥물까지 뒤집어 쓸 각오를 해야할지라도, 그 속에서 작은 빛을 발해 국민을 위해 헌신할 수 있다면 도전해볼 만한 일 아닌가요?사실, 누구라도 국민을 위해 헌신할 수 있다면 정치에 참여해서 힘을 보태는 일은..",2,ok,
150,https://blog.msalt.net/150,"타이젠 기어 S2 DUID 관련 에러, compareDUID(CompositeRunOnDevice.java:712)",2016-02-12T23:50:20+09:00,타이젠 Tizen,"[""distributor certificate"", ""기어 s2"", ""타이젠"", ""타이젠 SDK"", ""타이젠 sdb 연결"", ""타이젠 개발""]","타이젠 기어 S2 DUID 관련 에러로 at wfb_view.composites.CompositeRunOnDevice.compareDUID(CompositeRunOnDevice.java:712) 이런 에러 로그가 \GearWatchDesigner\.metadata\.log에 남아있다면, Distributor Certificates 를 다시 확인해 보자! DUID는 디바이스 고유 식별값인데, 위와 같이 SDK에서 S2와 연결 후 확인 가능하다. 나는 기어 S2 왓치 디자이너 사용할때 Distributor Certificate 안 만들고 아이콘으로 Run on Device 했더니 계속 죽어서 확인해보고 해결했다~ java.lang.NullPointerException at wfb_view.composites..",0,ok,
149,https://blog.msalt.net/149,손쉽게 나만의 기어 S2 시계를 만들자! 기어 왓치 디자이너 출시!,2016-02-12T21:42:10+09:00,만들기,"[""Gear Watch Designer"", ""기어 s2"", ""기어 왓치 디자이너"", ""기어 왓치 페이스"", ""나만의 기어 시계"", ""나만의 시계 만들기"", ""삼성 기어""]","손쉽게 나만의 기어 S2 시계를 만들 수 있는 프로그램이 나왔습니다! 이름하여 기어 왓치 디자이너! 우선 베타버전으로 나왔는데, 사용해보니 베타 치고 상태가 매우 좋습니다역시 안좋네요. 어서 님들의 DIY 본능을 일깨워서 시계를 만들어보아요~ 곧 덕후용 시계도 속속들이 커뮤니티들에 올라올 듯ㅋ 소개 프로그램의 대상 사용자는 포토샵이나 플래쉬을 조금 써봤거나 컴퓨터를 조금 다룰 줄 아는 사람들 이라고 합니다만, 제가 보기엔 그냥 약간의 센스만 있으면 누구나 도전해 볼만 합니다! UI가 직관적이고 쉽게 잘 나왔네요. 단순한 시계부터 배터리나 걸음수, 맥박수를 포함하는 모양 등 폭넓은 선택권을 제공하며, 시계를 구성하는 방법도 창의적으로 다양하고 독특하게 만들 수 있는 자유도를 제공합니다! 기능 제가 생각했던..",0,ok,
148,https://blog.msalt.net/148,"절대비밀을 전달하는 간편한 방법 - 절대비밀, 스스로 보안",2016-02-21T12:27:12+09:00,만들기,"[""감청에 대하는 자세"", ""맛소금 프로젝트"", ""맛소금이란"", ""스스로 보안"", ""절대비밀""]","새로운 맛소금 프로젝트 ""절대비밀, 스스로 보안""을 소개합니다. AES로 강력한 암호화하여 간편하게 언제 어디서나 비밀 메세지를 만들어서 전달할 수 있는 웹 어플리케이션입니다. 사용자가 직접 열쇠문장으로 비밀문장을 만들고, 열쇠문장을 모르면 비밀문장을 풀 수가 없습니다. 열쇠문장은 저장되지 않습니다. 가장 중요한것은 사용자가 직접 암호화하는 것입니다. 암호화에 사용되는 열쇠문장도 직접 결정하고 알아서 기억해야 합니다. 공유기능을 사용하면 쉽게 공유할 수 있지만, 7시간 후 자동으로 삭제됩니다. 열쇠문장은 직접 전달해야 합니다. 카톡에도 흔적을 남기고 싶지않은 비밀 문장를 보낼때 - 열쇠문장은 따로 알려줘서 필요할때 본인만 확인 할 수 있도록! 아이디랑 비번 공유할 일이 생겼는데, 그냥 적어서 공유하기엔 ..",0,ok,
147,https://blog.msalt.net/147,배수 구멍 없는 이케아 화분 사용법,2016-02-15T20:23:37+09:00,초록이들,"[""배수 구멍 없는 화분 사용법"", ""이케아 화분"", ""이케아 화분 사용법""]","이케아에 가면 배수 구멍 없는 화분이 많이 있습니다. 예쁘고 저렴해서 일단 사왔는데 막상 어떻게 사용해야 할지 막막하신 분들 있으실 거에요.ㅎ 못으로 배수 구멍 뚫어서 사용하시는 분도 계시지만 원래 사용법은 안에 화분을 넣는 방법입니다. 구멍이 없는데 그냥 심으면 물이 안빠져서 식물 건강에 안좋습니다. 이케아 화분은 화분보다는 화분 컨테이너, 물받이를 포함한 큰 겉화분입니다.사진과 함께 보시죠! 오늘 주인공. 아래가 막혀있습니다. 따로 물받이 없이 실내에 둘 수 있어서 좋습니다. 아래보면 화분을 안에 넣으라고 되어 있어요.ㅎ 또 다른 오늘의 준비물 끈입니다. 그리고 플라스틱 화분. 분갈이는 이미 해두었습니다. 지난번에 두동강이난 알로카시아입니다. 끈을 화분 허리(?)에 묶어 줍니다. 양쪽에 묶어서 손잡이..",0,ok,
146,https://blog.msalt.net/146,"onbeforeunload 사용팁, 카카오톡 인앱 브라우저에서 문제 임시해결 방법",2016-02-01T22:45:06+09:00,기술 이야기,"[""beforeunload event"", ""beforeunload tip"", ""이 페이지를 벗어나시겠습니까?"", ""카카오톡 인앱 브라우저 버그""]",onbeforeunload 사용법과 유용한 팁하나 그리고 카카오톡 인앱 브라우저에서 사용할 경우 카카오톡이 죽는 문제(버그인듯)의 임시 해결방법을 간단하게 공유합니다. beforeunload event 브라우저에서 힘들게 작성하던 페이지가 너무 쉽게 닫혀서(예를 들면 back key) 작성하던게 다날라가 버리는 것을 방지하기 위해서 정말 페이지를 벗어날 것인지 사용자에게 한번 더 물어보도록 동작하게 beforeunload 이벤트를 처리해 두곤 합니다. window.onbeforeunload = function() { return '작성하던 내용이 모두 사라집니다'; //표시할 메시지를 반환하면 됨 } 위와 같이 간단히 처리하면 됩니다. 자세한 내용은 아래를 참고하시면 됩니다. The beforeunloa..,0,ok,
145,https://blog.msalt.net/145,[꿈이야기] 도서관을 만들고 싶어요,2016-01-28T22:06:01+09:00,사람생각,"[""10년 넘게 중얼거림"", ""꿈 이야기"", ""꿈 커밍아웃"", ""도서관 만들고 싶다""]","오래전부터 꿈꾸던 것이고, 말해 오던 꿈 이야기를 여기에 조금 적어보려 합니다. 말하는 대로, 적어둔 대로 이뤄지길 바라면서.ㅎ 우선 도서관 이야기부터 시작해 볼테니 비웃지 마세욧! 고민의 시작 뉴스를 볼 때마다 속상해요. 사람들이 좀 그만 싸웠으면 좋겠어요. 서로를 좀 더 이해하고 배려했으면 좋겠어요. 서로 아끼면서 행복하게 사는 것은 모두가 원하는 것 같은데, 왜 자꾸 끔찍한 사건이 발생하는 것일까...혀 한번 차고 잊어 버리는게 아니라 고민을 시작했어요.안타까운 사연을 깊게 이해해보면 결국은 사람의 문제에요. 시작은 아주 작은 상처부터 시작하는 것 같아요. 상처가 제대로 치료되지 못하고 방치되어서 고통이 커지고, 그 고통이 전염되는 것 같아 보였어요.어떻게 하면 그 상처를 제때 치료할 수 있을까.상..",2,ok,
144,https://blog.msalt.net/144,보험 꼭 필요한가? 없어도 될까?,2016-01-27T21:35:40+09:00,사람생각,"[""보험 필요없다"", ""보험 필요하다"", ""보험은 가입이 아니라 계약이다"", ""보험은 신중히""]","보험이 꼭 필요한가. 없어도 될까? 고민해 본 결과를 정리해서 올려둔다. 많은 종류와 금액, 이해하기 힘든 내용 때문에 지친 사람에게 조금이나마 도움이 되길. 계약서는 항상 신중히! 보험을 가입하고 나면 얼마 후에 고품스런 자태의 보험 증서가 찾아온다. 가입할때의 가벼운 마음과 달리 상장이나 졸업장 못지않는 고고 모양새를 갖추고 있어 괜실히 다시 한번 들춰보게 되지만, 그냥 졸업장 옆에 자리를 잡고 함께 먼지를 모은다.그렇게 품격있는 모습을 하고 찾아 온것은 분명 그만큼의 의미를 갖고 있기 때문일텐데, 졸업장만큼이나 대충 한 번 보고 조용히 묵혀두게 되는것 같다. ""보험에 가입했다"" 보다 ""보험을 계약했다"" 라고 표현해보자. 그나마 조금은 더 신중해 질것이다. 보험은 장기간 경제적으로 많은 영향을 미치는..",0,ok,
143,https://blog.msalt.net/143,[독후감] 내가 상상하면 현실이 된다 - 상상하자!,2016-01-22T23:54:44+09:00,감상문,"[""괴짜 CEO"", ""리처드 브랜스"", ""버진"", ""스티브 잡스"", ""진솔한 자서전""]","리처드 브랜슨의 내가 상상하면 현실이 된다를 읽었다. 너무 좋았다. 자기개발서류의 책은 딱 질색인데, 이 책은 자기 개발서보다는 자서전에 가깝고 자기 자랑만 줄줄 늘어놓지 않고 본인이 살면서 절절이 느낀것들의 진심이 전달되어서 정말 좋았다. (자기 자랑이 없다는 것은 아니다.ㅋ)내가 감동받은 몇가지 키워드를 뽑아보자면 다음과 같다. 열정, 실행, 도전, 모험, 계획과 준비, 문제를 즐기는 능력, 자제와 존중, 치밀함, 독특함 그리고 진솔함 아무리 좋은 책이라도 100% 아니 80%이상 공감 되기 쉽지 않다. 작가와 내가 같은 사람이 아닌이상 이해할 수 없는 부분도 많고, 때론 무시하고 경멸하기도 한다. 이 책도 크게 다르지 않았지만, 여러면에서 나와 비슷한 관점을 가지고 있어서 공감이 많이 되었다.그리고..",2,ok,
142,https://blog.msalt.net/142,"1512 달이 차오른다, 가자",2016-01-16T23:48:10+09:00,이달의 노래,"[""양동근"", ""장기하"", ""좋은 노래""]","말을 하면 아무도 못 알아들을지 몰라 지레 겁먹고 벙어리가 된 소년은 모두 잠든 새벽 네 시 반쯤 홀로 일어나 창밖에 떠 있는 달을 보았네 하루밖에 남질 않았어 달은 내일이면 다 차올라 이번이 마지막 기회야 그걸 놓치면 영영 못 가 달이 차오른다 가자 달이 차오른다 가자 달이 차오른다 가자 달이 차오른다 가자 (가자) 달이 차오른다, 가자_장기하와 얼굴들 싸구려 커피_장기하와 얼굴들 나를 받아주오_장기하와 얼굴들 취향저격_iKON 여러분_양동근(YDG) 양좀마니_양동근(YDG) 겁 (feat. 태양)_송민호 [WINNER] 그냥 (Just)_Zion.T _ 크러쉬 해, 달, 별 그리고 우리 (With 김고은)_신승훈",0,ok,
141,https://blog.msalt.net/141,광고가 싫어요 없애주면 안될까요?...저도 싫지만 항상 그렇진 않아요.,2016-01-16T00:33:06+09:00,사람생각,"[""광고"", ""광고가 싫어요"", ""너무 싫어하지 마세요"", ""블로그"", ""애드센스""]","블로그와 누리집에 광고가 싫으니 없애 달라는 분이 있다. 때론 의도를 의심하며 속물 취급하는 사람도 있다. 마치 내가 돈벌려고 블로그 하는 것처럼 말할 때 정말 속상하다. 광고에 대한 요즘 내 생각을 짧막하게 적어본다. 사진은 본문과 아무런 관계없이 우리집 배란다에서 찍어본 것임 나도 광고를 싫어한다. 광고는 여러가지 순기능이 있지만, 기본적으로 상업성이 최우선시 되기 때문에 보는 사람이 불편한 마음이 드는 자극적인 내용도 많이 있고, 이에 따라 거부감이 큰 상태다. 게다가 모바일 광고는 더욱 거부감이 큰 상황이다. 그것은 아마 수준 낮은 저질 광고의 비율이 높고, 소비자들이 원치 않은 노출이 많기 때문일것 같다. 온라인과 모바일이 확산될 초기에 가격 경제력을 바탕으로 무분별한 광고 집행이 진행되면서 거..",0,ok,
140,https://blog.msalt.net/140,한살림 후레이크(플레이크) 소개,2016-01-12T01:33:02+09:00,나의 경험담,"[""모듬 플레이크"", ""한살림"", ""후레이크 조합""]","한살림 후레이크(플레이크) 소개합니다. 제가 너~~~무 좋아하는 몸에 좋은 우리 농산물로 만든 맛있는 플레이크 소개합니다. 한살림 후레이크 처음 먹었을때는 애들 과자 같아서 손이 많이 안갔는데, 여러 종류를 먹어보며 최적의 조합을 찾은 후 정말 자주 먹고 있습니다. 몸에 좋은 우리 농산물로 만들어서 건강 걱정 없이 잘 먹고 있습니다.ㅎ곡물 플레이크는 조금 딱딱하지만 묵직합니다. 모듬 플레이크는 좀 가볍고 바나나 킥 같은 식감입니다. 그리고 오곡아침은 정말 고소합니다. 그냥 곡물 볶은 것입니다.ㅎ 세개를 적당히 섞고! 마지막으로 냉동실에서 블루베리~ㅎ강력 추천 합니다~~~",0,ok,
139,https://blog.msalt.net/139,IoT 아직은 아니다! 결코 가깝지 않은 미래,2016-01-06T23:03:59+09:00,기술 이야기,"[""IoT 불황 타개책인가"", ""IoT 아직은""]","Iot가 요즘 화두가 되고 있지만, 저는 과감히 말해봅니다. IoT 아직은 아니다! 결코 가깝지 않은 미래다. 제가 유명 석학도 아니고 파워블로거도 아니지만, 그렇기 때문에 더 자유롭게ㅎ 제 개인적인 생각을 한번 정리해서 올려봅니다. 기술의 혁신인가? IoT 라는 키워드를 바탕으로 신기술 또는 기술혁신의 이미지가 형성되고 있는것 같습니다만 실질적으로 어떤 기술의 혁신인지 잘 모르겠습니다. 새로운 기술이랄것도 없고, 특정 기술이 새로운 전환점을 맞이한것 같지도 않습니다. IT기술이 지속적으로 발전해 오면서 기존의 한계점으로 받아드려지던 것들이 조금씩 극복되고, 그 과정에서 기술간에 시너지가 발생해서 새로운 가능성이 확보된 것은 사실입니다. 통신기술이나 저전력 프로세싱, 센서 기술과 배터리 및 전력관리 등 ..",0,ok,
138,https://blog.msalt.net/138,Tizen 2.4 SDK 윈도우 설치,2015-12-31T02:24:25+09:00,타이젠 Tizen,"[""IDE"", ""sdk"", ""개발환경"", ""이런건 좀 귀찮음"", ""졸립다"", ""타이젠"", ""타이젠 윈도우 IDE 설치""]","Tizen 2.4 SDK 윈도우 설치 해봤습니다. 타이젠 공식 홈페이지에 가셔서 다운받은 다음 설치하면 됩니다. 복잡하지도 않고 어렵지도 않습니다. 예전버전을 설치해보신 분이라면 상전벽해라는 사자성어를 떠올리게 되실겁니다. 따로 정리할 필요가 없다고 생각됨에도 불구하고 불친절하게나마 스샷을 올려둡니다. 없어도 충분히 하실 수 있지만, 낯선 것을 즐기지 않는분들을 위한 어떤 심리적인 효과를 위해서랄까?ㅋ 전 원래 이런 포스팅 잘 안하는데,,, 2.4는 스샷이 없는것 같아서...억지로함!참고로 전 기어 S2를 오늘 주문했습니다. 내일 올겁니다. 야호~ㅋ 만들어보고 싶은게 너무 많으네욧! 주의할 점 시간이 오래걸립니다. 마져하고 자야지 생각하면 지금 이시간이 됩니다. 별로 어렵지 않지만, 환경과 개인차가 존재..",0,ok,
137,https://blog.msalt.net/137,WinSCP 권한 오류 Permission denied code 3 무시 설정,2015-12-28T23:02:11+09:00,기술 이야기,"[""winscp"", ""winscp 권한 오류""]","WinSCP 권한 오류 Permission denied code 3 무시하도록 설정하는 방법 WinSCP 사용하다보면, 파일이 정상적으로 업로드 된 이후에 권한 오류 팝업이 발생하는 경우가 있는데, 이럴때는 그냥 무시하도록 설정해서 쓴다. 사실, 가이드 페이지에 자세히 나와있는데...그걸 못찾고...누군가 여기로 왔겠지;; 업로드 조차 안되는 권한 문제는 접속 접근하려는 파일이나 폴더의 권한을 변경해주거나 권한을 갖고 접근해야 한다. 그 문제는 다시 검색해서 해결하시길... 에러 팝업 설정에서 전송 선택 후 편집 권한 오류 무시 ignore permission",0,ok,
136,https://blog.msalt.net/136,세월호가 바닷속으로 가져가 버린 우리의 신뢰,2015-12-19T19:41:57+09:00,사람생각,"[""세월호"", ""신뢰""]","세월호에 대해서, 세월호가 남긴 상처에 대해서 생각도 많고, 몇몇 글도 적었지만, 따로 공개하지는 않았다. 하지만 꼭 공개해야겠다는 생각을 가지고 있었던 신뢰의 비용에 대해서 짧막하게나마 여기에 글을 남긴다. 그만하지 말하야 한다 세월호 하면 생각나는 말들 중에 ""이제 그말 해라""라는 말도 포함되어 있을 정도로 우리 사회는 세월호를 억지로라도 잊으려 했고, 언급하는 것 조차 조심스러운 분위기를 만들었다. 유민아빠 “‘그만해라, 지겹다’ 이런 시선이 따갑다”미디어 오늘 기사 하지만, 왜 그런 부적합한 배가 운행될 수 있었는지. 법률상의 문제나 행정상의 문제가 생긴 이유와 다른 부분에서 비슷한 문제점을 가지고 있지는 않은지 (예를 들어 교통이나 항공분야)에 대한 자세한 조사가 필요하지 않을까?그리고, 왜 운..",0,ok,
135,https://blog.msalt.net/135,"용산 전쟁기념관 어린이 박물관, 한겨울 아이들 데리고 갈만한 곳!",2015-12-13T17:02:09+09:00,나의 경험담,"[""아이들과갈만한곳"", ""전쟁기념관 어린이 박물관""]","한겨울 아이들 데리고 갈만한 곳으로 용산 전쟁기념관 어린이 박물관을 추천합니다. 지난 주말 김장하느라 엄마들이 바쁘셔서 제가 아이들 데리고 용산 전쟁기념관 어린이 박물관에 다녀왔습니다. 원래 국립중앙박물관 어린이 박물관에 가려했는데, 거긴 항상 예약이 힘들어서, 차선책으로 다녀왔는데, 추운 겨울에 아이들 데리고 갈만한 좋은 곳이네요! 간단 정리 넓고 크지는 않습니다 - 국립중앙박물관이나 경기도 어린이 박물관만큼은 아닙니다. 큰 기대는 마세요.ㅎ 다양한 자료와 볼거리 - 다른 어린이 박물관이랑 비슷하게 전시물이 준비되어 있습니다. 시청각 자료도 있고 직접 그리고 맞춰보는 것도 있어요. 내용도 알찹니다. 다소 어려울 수도 있는데 만화로 잘 설명 한것 같아요. 부모님들이 설명을 잘 해주시면 될듯. 마지막 부분..",0,ok,
134,https://blog.msalt.net/134,[독후감] 빅피처 2016 특이점과 마주한 사회를 후딱 읽고...,2015-12-12T08:44:58+09:00,감상문,"[""독후감"", ""빅피처"", ""빅피처2016"", ""특이점과 마주한 사회""]","빅피처 2016 특이점과 마주한 사회를 후딱 읽고 몇가지 생각을 적어본다. 많은 부분이 이미 미디어를 통해서 접한 내용들이어서 많은 흥미를 끌진 못했다. 영화, 소설, 선대인의 빅피처와는 다른 책이다! 무인시대를 여는 프런티어 확실히 빠르게 성장하고 있지만 나는 기대감보다 거부감이 더 크다. 아마 많은 사람들이 나처럼 걱정을 더 많이 하고 있을 것 같다. 확실히 아직까진... 신경제가 가져온 새로운 여행법 에어비앤비와 공유 문화는 확실히 새로운 경험이지만 사실 원래부터 존재하던 문화이고, 어찌보면 사람에 대한 그리움이 그 문화를 기술로 재현했다고 생각할 수도 있을것 같다. 세계는 왜 코딩에 주목하는가 나도 일찌감치 코딩에 주목했다. 와이프에게도 배워보라고 했는데 필요성을 못 느끼겠고, 너무 어렵다고 했다..",1,ok,
133,https://blog.msalt.net/133,"일회용 플라시틱 컵 재활용, 대봉 케리어ㅋ",2015-12-11T10:20:38+09:00,나의 경험담,"[""재활용""]","일회용 플라스틱 컵 재활용.ㅎ 요즘 대봉 다 익었쥬? 가지고다니 힘들때 요렇게 해보셔유. 대봉뿐만 아니라 애들 과자나 쿠키도 조금 덜어서 가지고 나갈때 좋아요. 여차하면 쓰고 버리고, 휴대용 쓰레기 통으로도 쓰고.ㅎ 아메리카노 먹은컵은 진짜 버리기 아까워요ㅠ 대충 한번 행궈서 사용해도 되욤. 대봉들고 출근 고고ㅎ",0,ok,
132,https://blog.msalt.net/132,"[독후감] 문제는 경제다, 우리 경제의 문제는 공정의 문제",2015-12-03T21:50:17+09:00,감상문,"[""공정하지 못한 사회"", ""문제는 경제다""]","선대인의 문제는 경제다를 읽었다. 현재 한국의 문제는 경제에 있다는 생각을 중심으로 조목 조목 문제점을 지적하고 나름의 해결책도 제안하는 경제, 사회 서적이다. 어렵게 한마디로 표현하자면 우리 경제의 문제는 공정의 문제라고 표현하고 싶다. 내 생각을 중심으로 독후감을 짧게 정리해 본다. 언제나 문제는 돈이다 많은 사람들은 정치가 문제라고 생각한다. 하지만 나는 돈이 문제라고 생각한다. 돈과 물질 만능주의에 매몰된 우리의 탐욕이 가장 큰 문제다.우리 사회가 이념 논쟁을 편다고 하지만, 막상 들여다보면 보수와 진보의 개념도 모호하다. 보수세력이 오히려 친일세력과 가깝고, 자유주의 시장 경제를 바탕으로 한다고 하면서도 앞뒤가 맞지 않는 근본 없는 정책들을 난발한다.개별 사안들의 문제를 좀 더 자세히 들여다 보..",2,ok,
131,https://blog.msalt.net/131,하이차트(highcharts) 부트스트랩(bootstrap) 넓이 오류 문제,2015-11-28T01:05:47+09:00,기술 이야기,"[""하이차트 버그"", ""하이차트 부트스트랩 넓이 문제""]","하이차트(highcharts)를 부트스트랩(bootstrap)과 같이 쓸때 차트의 넓이가 잘못 계산되어서 오버플로우가 발생하는 문제가 있습니다. 내용과 해결책을 간단하게 공유합니다. 문제 차트의 넓이가 커져서 좌우로 스크롤바가 생겼습니다 아파트실거래가차트 프로젝트에 하이차트를 사용했는데, 차트가 상위 컨테이너 div크기보다 크게 그려지길게 검색을 좀 해보니 관련해서 문제가 좀 있는것 같습니다. 깊게 알아보지는 않았고, 간단한 우회해결책(workaround)이 있길래 적용해서 해결했습니다. 해결방법 차트의 reflow 메소드를 호출해 주면 됩니다. var chart1 = new Highcharts.Chart(config); chart1.reflow(); //해결방법 참고 : Chart size doesn'..",0,ok,
130,https://blog.msalt.net/130,1510 No Make Up,2015-11-27T01:52:36+09:00,이달의 노래,"[""노래 추천"", ""이달의 노래""]","넌 모를거야 자다가 일어나 살짝 부은 얼굴이 얼마나 예쁜지 넌 모를거야 자기 전 세수한 니 모습이 얼마나 예쁜지날마다 너를 볼 수 있어서 행복해. No Make Up, Zion.T 러브 레시피, 클래지 콰이 Gentle Rain, 클래지 콰이 Summer Night, GRAY Umbrella (ft. Jay-Z), Rihanna Right Now (ft. David Guetta), Rihanna 스폰서, 으뜨거따시 SOFA, 크러시 How I Want Ya (ft.Dev), Hudson Thames Someone For Everyone - Jamie Lawson Alone, 달총",0,ok,
129,https://blog.msalt.net/129,아파트실거래가차트를 소개합니다.,2015-11-25T20:32:00+09:00,만들기,"[""국토교통부"", ""아파트 실거래가 조회"", ""아파트 실거래가 차트""]","알림 - 개편 준비 중입니다. 2017. 1. 26 현재 새로운 모습으로, 개편 작업 중입니다! 사용중에 불편하신 점이나 개선되길 바라는 점이 있다면, 아래 댓글로 남겨 주시면 적극 검토 하겠습니다. 고맙습니다. 개선사항. 2016. 7. 8 최근 기록 바로가기 기능이 추가되었습니다. 개선사항. 2016. 2. 28 항상 최신 데이터가 바로 업데이트되도록 개선하였습니다. 시 -> 구 선택하면 해당 지역의 조회수 순위를 제공하는 기능을 추가하였습니다. 아파트 결과를 조회 후 공유할 수 있는 기능을 추가하였습니다~ 카카오톡이나 기타 SNS 또는 URL로 공유할 수 있습니다. 알림. 2016. 1. 11 생각치도 못한 뜨거운 반응과 응원에 감사드립니다. 오류나 개선이 필요한 부분은 이글에 댓글로 부탁드립니다~..",48,ok,
128,https://blog.msalt.net/128,구글 웹로그 분석(Google Analytics) 스팸/쓰레기 데이터 걸러내기,2015-11-25T00:47:34+09:00,기술 이야기,"[""referral spam"", ""구글 스팸"", ""구글 애널리틱스"", ""구글 웹로그 분석""]","구글 웹로그 분석(Google Analytics)에 스팸/쓰레기 데이터를 걸러내는 방법을 정리했습니다. 실제 방문하지도 않으면서 불순한 의도로 분석 데이터를 더럽히는 일을 막는 방법 입니다.어느날 우연히 이상한 접속 데이터를 확인하고, 구글 웹로그 분석(Google Analytics)의 데이터에도 스팸/쓰레기 데이터가 발생한다는 것을 알게되었습니다. 폭풍 검색해 봤는데 한글 자료는 별로 없지만 요즘 이슈가 많이 되는 것 같습니다. 찾아본 내용들을 바탕으로 직접 적용해보고 정리했습니다. 도움되시길! 쓰레기 데이터가 있다! 블로그 개설하고 얼마 안되었을때 요상한 곳에서 제 블로그에 들어왔더라구요. 그냥 그려러니 했는데, 스팸 봇이 만들어낸 쓰레기 데이터네요! 모두 같은 사이트로 연결되는 링크다.스킨을 수정하..",0,ok,
127,https://blog.msalt.net/127,사람의 마음과 생각을 이해하려면...,2015-11-21T14:52:01+09:00,좋은 씨앗,"[""선입견"", ""칼릴 지브란""]","사람의 마음과 생각을 이해하려면 그 사람이 이미 이룬것을 보지 말고 그 사람이 열망하는 것을 보라.칼릴 지브란 내가 좋아하는 예언자의 작가 칼릴 지브란의 이 문구가 오랫동안 내 책상앞에 붙여있다. 새로운 곳에서 새로운 사람을 만날 때마다 살면서 굳은 살처럼 생겨버린 선입견에 앞서 이 문구를 떠올리려 노력한다. To understand the heart and mind of a person, look not at what he has already achieved, but at what he aspires to. Kahlil Gibran",0,ok,
125,https://blog.msalt.net/125,이케아 광명 방문기 + 포엥 암체어 구입/조립후기,2015-11-15T16:51:20+09:00,나의 경험담,"[""이케아 광명"", ""포엥 암체어""]","가을비 내리는 토요일(어제). 집에 있기 답답해서 이케아 광명에 다녀왔습니다. 방문기와 포엥 암체어 구입/조립 후기 간단하게 정리해서 올려둡니다. 이케아 광명 방문기 이케아 인기가 한풀 꺾였다고 하던데, 비오는 주말이라서 그런지 사람이 많더라구요.ㅠ 주차줄서서 주차까지 30분 걸렸고, 쇼룸이나 레스토랑에 모두 사람이 붐볐습니다. 세번째 방문이라 딱히 새로운 것은 없었는데, 불편한 점도 여전했습니다.ㅠ 사람 많아서 걸어다닐때 계속 치이고, 빨리 갈 수도 없는데 지름길도 적어서 적당히 살거 사고 나오기 힘든 구조 입니다. 중간에 레스토랑에서 잠시 쉬지 않으면 완주하기 힘든...;; 레스토랑이 그나마 잘되어 있어서 가족 모두 체력 보충하고 무사히 완주했습니다.애들 데리고 가는 건 각오하고 가셔야 하고, 체력과..",0,ok,
124,https://blog.msalt.net/124,[요리 후기] 집밥 백선생 레시피 응용 멸치 국수,2015-11-03T23:33:01+09:00,육아와 가사,"[""마른 멸치 볶음"", ""멸치 가루로 국수 만들기"", ""멸치 국수"", ""멸치 볶아서 안주 만들기""]","간만에 요리 후기를 올리네요. 집밥 백선생 레시피를 응용해서 멸치 국수를 만들어 봤습니다. 멸치를 볶은 다음 갈아서 육수를 만드는 부분을 응용 해봤습니다. 레시피 멸치를 후라이펜에 볶아서 식힌다음 가루로 만듭니다. 각종 야채 양파, 당근, 표고 버섯, 맛타리버섯, 파를 송송 썰어 넣고 불을 올립니다. - 그냥 집에 있는 것들을 창의적으로 마구 넣으세요. 2번에 멸치 가루 2~3숫가락 정도 넣고 국간장으로 간하고 끓입니다. - 1인분에 1숫가락 정도면 얼추 되는데, 기호에 따라 조절하면 됩니다. 다만, 너무 많이 넣으면 비립니다. 2번이 끓으려고 국수 삶을 물을 올립니다. (2번은 계속 끓임) 국수를 3~4분 삶은 다음 불을 끕니다. (2번도 끕니다) 국수를 찬물로 행구고 그릇에 담은 후 육수와 국물을 담..",2,ok,
123,https://blog.msalt.net/123,화성환 선인장(Echinopsis) 분갈이 및 번식,2015-11-01T11:33:37+09:00,초록이들,"[""Echinopsis"", ""선인장 번식"", ""선인장 분갈이"", ""화성환 꽃"", ""화성환 선인장""]","화성환 선인장(Echinopsis)을 업어와서 분갈이 해줬습니다. 자구 몇개는 따로 떼서 번식시켜줬습니다.어떤 종인지 모르고 가져왔는데, 검색으로 화성환임을 알게되었네요. 꽃도 자주 피우는 것 같고 키우기도 굉장히 쉬운것 같아요. 분갈이 신문지 활용해서 몸통을 단디 잡고 했는데도, 가시 많이 박혔네요. 조심하세요!지금도 타이핑할때마다 검지 손가락이 아파요.ㅠ 뺀다고 뺐는데, 한개는 진짜 못 빼겠더라구요. 일주일이면 다 밀려 나온다고 하니 걍 참으려구요. 분갈이 전 꽉찬 뿌리 보소 번식 대상 자구들 분갈이 완료 번식 화분 번식 화분 화분이 부족해서 일단 포트에 분갈이 화성환 선인장 식구들 화성환에 대해 영어로는 Echinopsis입니다. 영문명을 알면 관련 자료를 더 많이 찾을 수 있어요. 출처: 구글 검..",0,ok,
122,https://blog.msalt.net/122,[짧은 고찰] 지금 집을 사야할까?,2015-10-24T02:18:22+09:00,사람생각,"[""부동산 거품"", ""부동산 전망"", ""부동산 투자"", ""집에 대한 고민""]","지금 집을 사야 할까 고민으로 시작된 개인적인 고찰을 정리해 본다. 지극히 개인적인 생각의 정리이며, 글 쓰는 현재 시점에서의 판단과 생각이 반영된 것임을 분명히 해둔다. 집에 대한 소유욕 집을 사고 싶은 욕구는 누구에게나 있다. 주거의 안정은 인간의 기본 욕구이며, 현 시대에 집은 단순한 주거 도구 이상의 의미를 가지기 때문이다. 현대 집단 거주 문명에서 어디에 산다는 것은 단순히 숙식을 해결하는 곳이 정해지는 것이 아니다. 인프라를 비롯한 환경과 주변 구성원이 개인의 삶의 질을 결정하는 중요한 요소로 작용한다는 점에서 집의 의미와 가치는 더욱 중요하게 되었다. 게다가 개인 자산에서 부동산의 비중은 압도적으로 높은 것이 일반적이다. 당연히 집과 부동산은 경제적으로도 매우 중요하게 되었다. 출처: htt..",0,ok,
121,https://blog.msalt.net/121,[Tip] 휴대폰 교체 시 데이터 이동 및 백업만큼 중요한 것 - USIM 서비스 정리,2015-10-22T01:14:23+09:00,나의 경험담,"[""USIM 바뀌기 전에 정보 정리"", ""고속도로 모바일카드 환불"", ""모바일 티버니 환불"", ""휴대폰 교체"", ""휴대폰 백업만 하지말고 서비스도 정리해야""]","휴대폰 교체 변경 시 데이터 이동 및 백업만큼 중요한 것이 USIM 서비스 정리입니다. 어떻게 표현을 해야 할까 고민하다가 USIM 서비스라고 썼는데, T머니와 같이 USIM 카드 정보를 기반으로 사용 중인 서비스를 뜻합니다! 스마트폰을 2번 교체하면서 두 번 모두 이것 때문에 고생했습니다. 도움 되길 바라며 짧게 적어둡니다. 데이터 이동 및 백업은 검색 후 취향대로 진행하시면 됩니다. 따로 언급 안 할께요. ^0^ 기기 변경 전에 티머니 환불 받자! 모바일 티머니 앱의 경우 휴대폰이 서비스가 안 되는 순간부터 즉시 사용할 수 없게 됩니다! 즉, 즐거운 마음으로 새로운 폰으로 기기변경을 하는 순간부터 옛날 폰에서는 사용이 불가능 합니다. 반드시 기기 변경 전에 환불 받으시거나 다 쓰세욧! 출처: http..",0,ok,
120,https://blog.msalt.net/120,삼성 오픈소스 컨퍼런스(소스콘)에서 리눅스 토발즈를 만나자!,2015-10-15T02:29:05+09:00,기술 이야기,"[""리누스 베네딕트 토르발스"", ""리눅스"", ""삼성 소스콘"", ""삼성 오픈소스"", ""삼성 오픈소스 컨퍼런스"", ""토발즈""]","삼성 오픈소스 컨퍼런스(소스콘)에서 리눅스 토발즈를 만나봅시다. 삼성 오픈소스 컨퍼런스 홈페이지 토발즈의 이름은 리누스 베네딕트 토르발스 입니다. 리눅스와 깃을 만들었는데, 프로그래머로서 두 프로그램을 쓰면 쓸 수록 감탄이 나와서 정말 꼭 만나보고 싶었습니다. 무료로 토발즈를 만나볼 수 있는 좋은 기회가 생겼습니다! 바로 삼성 오픈소스 컨퍼런스 입니다! 오픈소스에 관심이 많은 분이라면 더더욱 좋은 기회이고, 관심이 없는 분도 오픈소스에 관심을 갖아볼 수 있는 좋은 기회인것 같습니다. 무료인데 사전 등록을 해야 합니다. 선착순이라고 하는데, 아직 되는것 같으니 얼른 신청하세욧! 토발즈는 기조연설(키노트)에서 깜짝 등장한다는 입소문을 입수했습니다!!! 스페셜 게스트라 쓰고 토발즈라 입소문을... 쌍욕도 잘한..",0,ok,
119,https://blog.msalt.net/119,1509 비상,2015-10-10T22:48:09+09:00,이달의 노래,"[""노래 추천"", ""이달의 노래"", ""좋은 노래""]","좋은 노래가 참 많네요. 좋은 노래 만들고, 불러 주신 분들. 고맙습니다. 비상, 임재범 Don't Look Back In Anger, Oasis For You, Lack of Afro 무중력, zion.T 안녕, 부활 사랑한 후에, 박효신 Die A Happy Man, Thomas Rhett Live Your Life(ft. Rihanna), T.I Confident, Demi Lovato Love is Easy, EcFly 리듬 타, iKON",0,ok,
118,https://blog.msalt.net/118,깃 git 활용/사용/응용 팁,2017-07-24T22:17:30+09:00,기술 이야기,"[""Blame"", ""Prompt"", ""bashrc"", ""gerrit"", ""git tip"", ""git usage"", ""깃 사용법"", ""깃 응용법"", ""깃 활용법""]","깃 git에 대해서는 이미 잘 정리된 글이 많지만, 경험을 바탕으로 깃 git 활용/사용/응용 팁을 간단하게 정리해 본다. 누군가에게 도움이 되길...(뭐라 표현해야 할지 고민하다 3개를 나란히 썼다.ㅋ) 목차 도움말을 확인하자 track 옵션 되돌리기 커밋 commit id add 할때 -p 옵션! rebase 로그를 이쁘게 grep 파일 내용 검색 기능 git에서 HEAD란 reflog 든든한 이정표 branch 만들기 remote branch 다루는 방법 stash 간편 저장 log 검색 bash prompt에 git branch 이름 표시하기 blame 수사반장 remote의 HEAD 변경하기 gerrit용 push 설정 gerrit 사용방법 명령어 정리 git GUI 프로그램 추천 기타 도움말을..",1,ok,
117,https://blog.msalt.net/117,"등심환 선인장Mammillaria backebergiana 키우기, 번식, 발육 정보",2015-09-24T00:31:29+09:00,초록이들,"[""Mammillaria backebergiana"", ""등심환 선인장"", ""등심환 선인장 번식"", ""등심환 선인장 키우는 방법""]","키우고 있던 등심환 선인장Mammillaria backebergiana의 모양새가 이상해져서 알아보다가 키우는 방법과 번식, 발육 정보에 대해 심층취재 급으로 자세히 알아보고 말았다. 정리해서 올려둔다. 궁금증 1. 등심환과 선인장의 기본 정보 선인장 잘 알다시피 건조한 환경에서 잘견디도록 진화된 다육식물의 일종으로 잎이 가시로 변하거나 퇴화된 모양새가 일반적이다! 선인장은 신선의 손바닥처럼 생겼다는 의미를 갖고 있으며, 제주도를 비롯하여 한국에 자생하는 선인장(부채선인장속(Opuntia), 일명 부채선인장)의 모습이 마치 손바닥처럼 생겼다 하여 붙여진 이름이다. 위키백과, 선인장 다육 생물이라고 물을 안주면 안 된다. 고통을 잘 견딘다고 고통을 계속 가할 필요는 없지 않은가! 기온이 낮은(15도 미만)..",0,ok,
116,https://blog.msalt.net/116,아마존AWS 다이나모DynamoDB String Set 타입 정렬 문제,2015-09-23T21:47:14+09:00,기술 이야기,"[""AWS DynamoDB"", ""AWS 다이나모DB"", ""DynamoDB StringSet"", ""다이나모DB 디버깅"", ""아마존 AWS""]","아마존AWS 다이나모DynamoDB String Set 타입 정렬 문제에 대해 사용팁과 고생의 흔적을 남긴다. 문제 String Set 타입을 사용해서 배열을 저장하는데 의도하지 않은 순서로 정렬됨.유투브ID를 배열로 저장해서 다이나모DB에 저장하고 꺼내 쓰려 했다. PutItemRequest와 GetItemRequest로 손쉽게 구현해서 테스트를 해보는데...어랏? 순서가 이상한데? 처음엔 내가 잘 못한 줄 알고 내 코드를 보다가 종착점에 다이나모DB가 있었다. 이상한데? 아마존 콘솔로 DB를 확인해보니 순서가 이상하게 저장이 된다. 흠...자동으로 정렬이 되는 것 같은데...정렬, sort, order로 검색해도 뚜렷한 답이 없다. 아무래도 사용자가 적어서 그런듯.ㅠ결국 아마존 문서에서 원인을 찾았다..",0,ok,
115,https://blog.msalt.net/115,맛소금 아이콘 소개,2015-09-21T22:14:59+09:00,About Blog,"[""맛소금 소개"", ""아이콘 만드는 과정"", ""아이콘 소개""]","수줍게 맛소금 아이콘과 심볼을 소개하고 만드는 과정에 대한 이야기를 적어봅니다. 맛소금 브랜드 심볼 소개 맛소금이라는 문자를, 특별히 한글!, 고스란히 담으면서도 굉장히 단순하고 그냥 보면 알 수 없는 픽셀 아트 같지만 볼 수록 그 모양 자체가 익숙해지는 것이 핵심입니다! 뭔가 알아들을 수 없는 소리 같지만…차근 차근 설명해 볼께요. (김프로 만든 애니메이션ㅎ) 한글을 담고 싶었습니다 저는 한글을 무척 좋아합니다. 한글로 '맛소금'을 담고 싶었습니다. 한글로 된 세계적인 브랜드 심볼이 많이 나왔으면 바라는 마음으로 한글을 바탕으로 시작했습니다. 단순해야 합니다 이유는 제가 전문 디자이너가 아니기 때문에 복잡한걸 그릴 수가 없어요.ㅋㅋㅋ 그리기도 쉽고 수정도 쉽고 정사각형이라서 파비콘이나 아이콘으로 사용하..",1,ok,
113,https://blog.msalt.net/113,영원히 살 것처럼 꿈 꿔라. 오늘 죽을 것처럼 살아라.,2015-09-19T22:25:28+09:00,좋은 씨앗,[],Dream as if you'll live forever. Live as if you'll die today. 영원히 살 것처럼 꿈 꿔라. 오늘 죽을 것처럼 살아라.James Dean,0,ok,
112,https://blog.msalt.net/112,텔레그램telegram 봇bot 사용법 소개 및 후기,2015-09-19T21:20:13+09:00,기술 이야기,"[""봇 사용법"", ""텔레그램"", ""텔레그램 봇"", ""텔레그램 봇 사용 후기""]","텔레그램telegram 봇bot 사용법을 소개하고 사용 후기를 정리해서 올려봅니다. 관련 내용에 대한 한글 컨텐츠가 별로 없어서...직접….힘들게…ㅠ 텔레그램이란 텔레그램은 뭔지 알고 계시죠? 텔레그램(Telegram)은 여러 플랫폼을 지원하는 인터넷 메신저이다….러시아 최대의 SNS인 VK를 설립한 니콜라이 두로프와 파벨 두로프 형제가 2013년 발표했다.위키백과 위키에도 정리가 되어있지만 우리나라에서는 높은 보안성과 사이버 감찰, 사이버 망명 등으로 유명세를 탔죠. 하지만, 기능적인 면에서도 높은 평가를 받고 있고 실제 사용자도 상당히 많습니다. (우리나라는 카카오톡으로 통일되었지만…ㅎ) 텔레그램 봇이란 텔레그램에서 최근에 새로 추가한 봇을 지원하는 기능 또는 플랫폼 또는 API입니다. 봇은 아시다시..",8,ok,
111,https://blog.msalt.net/111,파비콘favicon 만들어서 블로그에 적용하기 - 김프gimp사용,2015-09-18T09:34:01+09:00,기술 이야기,"[""ico 파일"", ""파비콘 만들기""]","김프를 사용하여 티스토리 블로그와 홈페이지에 사용할 파비콘favicon을 만들어서 적용하였습니다. 사실 기존에 사용하던 것이 있었는데 새로 만들려다가 결국은 조금 손보는 수준이 되었습니다. 패비콘(영어: favicon, 'favorites + icon') 또는 파비콘이란 인터넷 웹 브라우저의 주소창에 표시되는 웹사이트나 웹페이지를 대표하는 아이콘이다. 아이콘 크기은 16x16, 32x32, 48x48, 64x64픽셀이 될 수 있고, 8비트, 24비트, 32비트 색상이 가능하다.위키백과, 패비콘 위키에 간단 명료하게 잘 설명 되어 있네요! 아래 코드도 딱! 나와있네요~ㅎ 아래 한줄을 html head태그안에 넣어주면 됩니다. 어떤 포맷으로 할까? ico, jpg, gif, png 포맷들을 대부분의 브라우저..",0,ok,
110,https://blog.msalt.net/110,육아의 즐거움,2015-09-09T00:29:01+09:00,육아와 가사,"[""육아에 지친 사람들에게"", ""육아의 즐거움"", ""육아일기""]","육아의 즐거움을 직접 경험하고 있는 두 아이의 아빠로서 개인적인 생각을 적어서 공유해 봅니다. 지극히 개인적인 생각이고 느낌이지만 다른 분들께 말해주고 싶은 부분이 많아서 공개적으로 글을 올려 놓습니다. (특히! 아직 결혼을 안 하신 분, 육아 경험이 없으신 분께..ㅎ) 첫째 나왔을때 발바닥에 이름표 붙이고...ㅎ 육아는 힘듭니다 엄청 힘듭니다. 잠도 잘 못 자고, 신경 쓰여서 아무것도 못하게 될 때도 있습니다. 아이가 아프거나 이상 징후가 발견된다면 혹시나 하는 마음에 가슴이 답답합니다. 얼마나 힘든지는 다 말하기도 힘든데, 아이러니하게 말 안 해도 알만한 사람은 알만큼 육아의 고통(?)에 대해서는 공감대가 형성되어 있는 것 같습니다.ㅎ (모르는 사람은 전혀 모르기도 하지만...) 그러니까 각오해야 함..",0,ok,
109,https://blog.msalt.net/109,[이달의 노래] 1508 Always,2015-09-08T00:19:22+09:00,이달의 노래,"[""노래 추천""]","무더운 여름이 언제 그랬냐는 듯이 후딱 가버렸네요. 시원한 가을 하늘을 마음껏 즐겨 보아요~ Always, Bon Jovi Lost, Frank Ocean 우리 사랑하지 말아요, 빅뱅 Someone Like You, Adele Empire State Of Mind (ft. Alicia Keys), Jay Z Too Much (ft. Sampha), Drake Good Life, 드렁큰 타이거 삐걱삐걱, DJ DOC Building Steam With A Grain Of Salt, DJ Shadow 위잉위잉, 혁오 아로하, 쿨 너의 집 앞에서, 쿨",0,ok,
108,https://blog.msalt.net/108,나의 주식 투자 원칙 공개,2015-09-04T23:00:31+09:00,사람생각,"[""재테크"", ""주식 투자 잘하는 법"", ""주식투자"", ""투자 비법"", ""투자 원칙""]","개인적인 주식 투자 원칙을 공개합니다. 이런 엄청난 비법을 무료로 공개하다니...ㅎㅎ 저는 제 원칙 잘 지켰을때 항상 성공했습니다. (수익률을 밝히지 않는 것은 함정ㅋ) 1. 장기투자 길게 투자할 생각없는 곳엔 짧게 투자하지도 않는다 2. 분산투자 리스크관리와 수익패턴 다각화 3. 분할매매 여유를 갖고 차분히 분할 매수, 매도 4. 매몰비용 매몰비용에 발목 잡히지않고 냉정하게 평가 5. 가치투자 시황보다는 투자가치에대한 평가에 의한 투자원칙을 지킨다는 것이 정말 쉽지 않은 일인것 같습니다. 그러나! 주식 투자 만큼은 순간의 욕심과 섣부른 판단을 경계하고 원칙을 지키며 보수적으로 접근하는 것이 최고인듯 합니다. 참고만 하시고, 자신만의 원칙으로 꼭 성공 하세요~화이팅~",0,ok,
107,https://blog.msalt.net/107,"[독후감] 개발자, 웹 디자인에 뛰어들다",2015-09-04T22:22:27+09:00,감상문,"[""Web Design for Developers"", ""브라이언 호건""]","디자인에 대해서 더 알고 싶어서 개발자, 웹 디자인에 뛰어들다(원제: Web Design for Developers)를 빌려 봤는데 딱히 길게 쓸만한 내용도 없을 것 같다. 디자인에 대한 묵직한 이야기는 별로 없고, 웹 페이지 개편을 '...따라해보기' 방식으로 정리해 둔 책이다. CSS와 HTML의 초급자로서 개인적인 블로그나 홈페이지를 만들어볼까 생각을 이제 막 시작한 사람에게 적합한 책이다. 내가 찾던 책은 아니였다.그 와중에 소소한 수확이 있었으니, 색상 계획에 대한 개념과 방법에 대한 것이다. 인접색상계획, 보색색상계획 등을 어렴풋하게나마 알게 되었다. (색상 계획이 초기 단계에서 이뤄져야 한다는 것도…) 내용 중에 자연의 색을 차용하는 방법에 대해서 나와있는데, 사실 이게 내가 그 동안 사용하..",0,ok,
106,https://blog.msalt.net/106,텔레그램 기반의 혁신적인 메신저 소셜라이저 소개,2015-09-04T01:52:26+09:00,기술 이야기,"[""메신저 앱 소개"", ""새로운 기술"", ""소셜라이저"", ""소셜라이저 메신저"", ""재미있는 메신저 추천"", ""재미있는 앱 추천"", ""텔레그램""]","웹앱을 대화방에서 바로 공유하는 텔레그램 기반의 혁식적인 메신저 소셜라이저를 소개합니다. 웹앱이란? 웹 애플리케이션 Web Application의 줄임말로 말그대로 HTML5, JavaScript등의 웹기술을 이용하여 만든 애플리케이션입니다. 일반적으로 브라우저에서 실행되기 때문에 운영체제(OS)의 구분 없이 동일한 앱을 사용할 수 있는 것이 장점입니다! 소프트웨어 공학적 관점에서 웹 애플리케이션(web application) 또는 웹 앱은 인터넷이나 인트라넷을 통해 웹 브라우저에서 이용할 수 있는 응용 소프트웨어를 말한다.위키백과, 웹 애플리케이션 웹앱을 공유? 공유하기 버튼 아시죠? 누르면 사진이나 동영상 같은 것을 친구들에게 메신저나 문자 메세지로 보내는 기능! 웹앱 공유도 같은 개념입니다. 그냥 ..",0,ok,
105,https://blog.msalt.net/105,[독후감] 마케팅 불변의 법칙-스타트업 추전도서,2015-08-29T00:37:16+09:00,감상문,"[""독후감"", ""마케팅"", ""스타트업""]","스타트업을 준비하고 있다면 꼭 읽어보라 추천 받은 마케팅 불변의 법칙 독후감을 적어본다. ""더 '좋아지려' 하지 말고 '달라지려' 노력하라"" 이건 요즘 청년들에게 꼭 말해주고 싶은 말이다. 옆에 친구보다 더 좋아지려고 스펙을 쌓는 것보다 중요한 것은 나를 잘 알고 나의 강점을 살려서 나만의 가치를 가치를 갖는 것이며, 그것이 나를 마케팅하는 최선의 방법이다! 맛소금 독후감 중 마케팅의 실체 이 책은 체계적으로 마케팅이 무엇인지 체계적으로 기술한 교과서 같은 책이 아님에도 불구하고 다 읽고 나면 마케팅이 무엇인지 감이 조금 온다. 대강이나마 마케팅의 실체를 느낄 수 있다고나 할까. 신기하다. 읽을 수록 감탄이 이어진다. '아, 마케팅이 정말 중요하구나.' '그래서 그렇게 마케팅을…' 마케팅을 그저 광고나 ..",4,ok,
104,https://blog.msalt.net/104,[이달의 노래] 1507 공부해서 남 주자!,2015-08-26T00:31:42+09:00,이달의 노래,"[""2015년 7월의 노래"", ""이달의 노래 추천""]","늦게나마 이달의 노래 추천합니다. 공부해서 남주는 것을 실천할 때가 온것 같아 기쁨니다! 열심히해서 남에게 도움이 되는 프로젝트를 빨리 구현해서 내놓고 싶네요~~ 공부해서 남 주자, 강산애 깨어나, 강산애 Don't Look Back In Anger, Oasis Whatever, Oasis Hello, Oasis Wonderwall, Oasis For You, Lack Of Afro 환상속의 그대, 서태지와 아이들 Loser, 빅뱅 Moster, 빅뱅 너희가 힙합을 아느냐?, Drunken Tiger",0,ok,
103,https://blog.msalt.net/103,[DIY] 공간박스로 알뜰한 아이들 원목 책장 만들기,2015-08-25T00:57:53+09:00,만들기,"[""공간박스 책장"", ""아이들 원목 책장"", ""원목 가구"", ""원목 책장""]","공간 박스를 이용해서 알뜰하게 아이들 원목 책장을 만들었습니다 1세트는 2년전에 만든거고, 이번에 새롭게 하나 더 만들었습니다. (집도 커지도, 책도 많아지고...ㅎ) 좀 치우고 찍을걸...자연스럽네요ㅋ 원목 책장을 만든 이유 첫째가 책을 보기 시작하면서 거실에 둘 아이 책장이 필요해졌어요. 고민이 시작되었죠. 가능하면 본드 냄새 안나는 원목 책장을 알아 봤어요.원목을 싫어하는 사람은 없겠지만, 저는 정말 좋아합니다.ㅎ 자연스러운것을 굉장히 좋아하거든요. 아시겠지만 원목 가구는 건강에도 좋고, 사용하기도 좋고, 재활용하기도 좋습니다. (변형이나 리폼에 적합해요)하지만...비쌉니다.ㅎ 그리고 제품이 별로 없어요. 비싸서 그런것도 있지만 대량 생산되기보다는 주문 생산되는 경우가 많아서 그런지 다양한 제품이 ..",0,ok,
102,https://blog.msalt.net/102,깃 허브 스타일로 구글 Syntax Highlighter prettify 적용하기,2015-08-20T02:07:25+09:00,기술 이야기,"[""SyntaxHighlighter"", ""prettify 티스토리"", ""깃 허브 스타일""]","구글의 Syntax Highlighter인 code-prettify를 티스토리에 적용했습니다. 깃 허브git-hub 스타일로 적용했습니다! Alex Gorbatchev가 만든 SyntaxHighlighter 적용하신 분은 상당히 많은것 같은데, prettify 사용하는 사람은 드문것 같아서. 간단하게 정리하고 넘어갑니다~적용방법 사실 prettify 시작하기를 보시면 잘나와있는데, 그걸 더 간단하게 정리해 볼께요. 1. prettify.js 불러주기 아래와 같이 태그 한줄을 앞에 추가해주세요. 여기서 중요! run_prettify.js 가 아니라 prettify.js 입니다! 대신 body 태그에 onload=""prettyPrint()"" 꼭 넣어줘야 합니다. ... run_prettify.js으로 하면 ..",0,ok,
101,https://blog.msalt.net/101,쪼는 문화에대한 단상,2015-08-19T00:45:53+09:00,사람생각,"[""사람 생각"", ""우리 서로 믿어보아요"", ""쪼는 문화""]","말도 많고 탈도 많은 쪼는 문화에 대한 지극히 개인적이고 단편적인 생각을 적어본다. (작년에 메모해두고 미루고 미루다가 이제서야...) 쪼는 문화란 갈굼, 압박, 재촉으로 표현되는 행동 양식으로 주로 상급자나 갑의 위치에 있는 사람이 하급자나 을의 위치에 있는 사람에게 보인다. 마땅히 사전적인 의미나 정의같은 것도 없이 두루 사용되고 있지만 한국에서 사회생활 좀 했다면 그것이 무엇을 의미하는지 확실히 알고 있는 경우가 대부분이다. 쪼는 문화와 한국의 조직사회 한국에서는 잘 쪼는 사람이 승진한다라는 말이 진리처럼 되어 있으며 잘 쪼는 것은 조직을 잘 이끌어갈 수 있는 능력 중 하나로 표현 되기도 한다. 사회 생활하면서 가장 먼저 적응하는것도 쪼는 것이요. 가장 먼저 배우는 것도 쪼는 것이기도 하다. 왜냐하..",0,ok,
99,https://blog.msalt.net/99,[핵꿀팁] 140원으로 여권사진 인화,2015-08-14T03:12:15+09:00,만들기,"[""140원 여권 사진 인화"", ""사진 실제 비율 계산"", ""사진관은 부르조아들의 유물"", ""아껴야 잘산다"", ""일반 인화 실제 크기 계산 방법""]","140원으로 여권사진 인화라니! 정작 내 여권 사진은 만원이나 주고 사진관에서 뽑았지만, 절약 내공이 쌓일 만큼 쌓였다고 자부하며 감히 스스로 핵꿀팁이라는 표현을 써봅니다. 더불어 여권 사진을 집에서 만드는 분도 많고 인화하는 분도 많지만, 이 저렴한 방법에 대한 포스팅은 잘 찾을 수가 없어 핵심만을 잘 추려서 올립니다. 140원은 찍스에서 4x6 사이즈로 사진 8장을 인화하는 비용을 뜻합니다~ 여권사진인화가 따로 있지만 그것은 1개의 사진으로 8장을 뽑아야 하며 가격도 2500원 입니다! 17.8배네요!!! 작업순서 이쁘게 사진 찍기 (가능한 단색 배경) 비율에 맞게 이미지 자르기 배경 날리기 4x6 사이즈로 모아 붙이기 인화 주문하기 1. 이쁘게 사진찍기 요즘은 폰으로도 이쁘게 사진찍을 수 있고, 자..",5,ok,
98,https://blog.msalt.net/98,"[영화] 베테랑 후기, 흥미진진한데 실화라니 화나고 슬픔",2015-08-14T02:18:51+09:00,감상문,"[""SK 최철원 베테랑 실화"", ""SK 최태원 회장 사촌동생"", ""괜히 SK텔레콤까지 싫어진다"", ""베테랑"", ""영화 베테랑 후기""]","베테랑 보고 왔어요. 흥미진진하게 잘 봤는데, 실화라니 조태오(유아인)에대한 화가 슬픔으로 남네요. 간략하게 후기라도 적고 사실을 알려야 할것 같은 기분에 적어봅니다. 우선, 감상평 재미있습니다! 간혹 부자연스러운 장면도 있었지만, 전체적으로 몰입도가 높았어요. 조태오(유아인)가 정말 너~무 얄밉고 재수없는데, 영화라고 생각하면서도 감정이 자꾸 치밀어 오르는것이 연기도 좋았고 연출도 좋았던것 같습니다.개그 코드를 조금 기대했는데, 생각보다 개그 요소는 적지만 전체적으로 흐름이 끊기지 않아서 처음부터 끝까지 몰입하면서 볼 수 있었던것 같아요. 배우들의 연기가 참 좋았어요.ㅎ 실화라서 화나고 슬픕니다. 예전에 비슷한 내용을 뉴스에서 본적이 있는것 같아서 영화 다보고 검색해 봤는데, 으헉!!! 너무 많은 부분..",2,ok,
97,https://blog.msalt.net/97,드라세나 자마이카 번식 일기,2015-08-12T23:30:44+09:00,초록이들,"[""드라세나 자마이카 번식"", ""식물 번식 일기"", ""자마이카 번식 관찰""]","2년전에 번식시킨 드라세나 자마이카의 번식 과정을 간단하게 정리해 봅니다. 지금도 조그만한데 옛날 사진보니 많이 컸다는 생각이 드네요.ㅋ 알아보기 자마이카는 학명이 Dracaena reflexa 라고 하네요. 고향은 역시 열대아시아네요. 대부분 우리나라 관엽 식물들과 같은 출신이네요. 고급 관엽이라고 하는데, 잎이 아주 싱그러워서 보기 좋습니다. 그리고 키우기도 쉽고, 나중에 많이 커져도 더 보기 좋더라구요~ 자세한 내용은 아래 글을 참고하시면 좋을 것 같아요. 대지 식물 말을 카페 글 2013년 2월 27일 새순 3개를 얻어와서 물꽂이 했어요. 주변에 키우시는분 계시면 좀 달라고 하시면 될것 같아요.ㅋ 일정크기 이상으로 크면 관리를 위해서도 가지를 계속 쳐줘야 되거든요. 새끼 손가락 만한 줄기 빈병에 ..",0,ok,
96,https://blog.msalt.net/96,애들 데리고 갈만한 도시 피서 - 수원역 롯데몰,2015-08-09T18:21:12+09:00,육아와 가사,"[""도시 피서"", ""롯데몰 피서"", ""수원 롯데몰"", ""이글은 육아 카테고리입니다"", ""주차요금 받을 경우 책임 못짐""]","휴가는 끝났고, 날은 계속 더워서 돌아 다니기도 마땅치 않아서 애들 데리고 갈만한 곳 찾다가 수원역 롯데몰로 도시 피서를 다녀왔습니다. 가까운 곳에 사시는 분들께 강력 추천합니다~ㅎ 짧고 굵게 경험 공유해봅니다~ 좋은점 좋은점부터 적어 볼께요~ 롯데몰 중앙 넓고 다양합니다. 일단 넓습니다. 예전에 서울에 살때는 몰링(malling) 많이 했거든요. 지하철타고가서 맛있는것도 먹고, 영화도 보고, 가끔 수족관도 가고~ 용산 아이파크랑 코엑스에 많이 갔었죠. 여기는 규모가 코엑스 만큼은 아닌것 같은데, 용산역 아이파크랑 비슷한 것같아요. 저의 주관적인 체감입니다!!!ㅋ 구성도 좀 비슷합니다. 백화점 + 몰 + 마트 각각의 장점을 다 누릴 수 있어서 좋아요. 마트에서 만난 열라큰 레고 머리 정리함 레고시티 전시..",0,ok,
95,https://blog.msalt.net/95,두동강난 부러진 알로카시아 번식,2015-08-08T01:11:57+09:00,초록이들,"[""로즈마리"", ""로즈마리 과습"", ""알로카시아"", ""알로카시아 번식"", ""알로카시아 부러짐""]","올해 1월에 알로카시아가 두동강으로 부러졌어요. 4년이상 키웠는데 길게 자랐거든요. 아무래도 길이가 길어서 부러지기 쉬웠던것 같아요. 두동강난 김에 자연스레 번식을 시키게 되었지요.ㅎㅎ 알로카시아에 대해서 정말 자세히 적어둔 글이있어서 링크를 걸어둡니다. 알로카시아 오도라에 관한 모든것 볼때마다 토란이랑 비슷하다고 생각했는데, 이름 자체가 토란이 아니라는 뜻이라니ㅋㅋㅋ 1월 17일 제가 물주다가 잎을 반대쪽으로 살짝 밀었는데... 똑 부러졌네요. 아랫부분. 3월 14일 그냥 두었는데, 새순이 올라옵니다. 2달이 걸렸네요. 8월 5일 아랫부분은 작은 화분으로 옮기고, 윗부분은 더 작은 화분에 일단 분갈이 해놨는데, 어느새 이렇게 많이 자랐네요. 항상 느끼는거지만, 초록이들은 조용히 잘 큽니다.ㅎ 두동간난 ..",4,ok,
94,https://blog.msalt.net/94,고마워서 만든 블로그 개편,2015-08-05T01:26:48+09:00,About Blog,"[""2차 도메인 연결"", ""블로그 개편""]","오랫동안 제대로 관리 못했던 고마워서 만든 블로그를 개편하였습니다. 모양새와 구조도 확바꾸고 내용도 체계적으로 정리하였습니다. 앞으로 운영도 착실하게 잘해서 더 쉽게 많은 도움을 드릴 수 있었으면 합니다. 반응형 스킨으로 교체 부트스트랩을 사용하여 반응형 스킨으로 만들었습니다. 잘 만들어서 공유하려고 하였지만 개인적인 취향이 너무 강하게 적용되어서 가져다 쓰실 분이 있을지 모르겠습니다.ㅠ 혹시나 몰라 공유는 해놨습니다. 티스토리 반응형 웹 스킨 공유 개인 도메인 연결 개인 도메인을 연결하였습니다! blog.delisalt.me 가비아에서 행사 가격으로 1년 6000원에 계약했습니다~ㅎ 네이버 블로그(맛소금n블로그)도 연결하고, 맛소금 홈페이지도 만들어서 여러가지 프로젝트를 진행해 보려합니다. 이부분은 다..",3,ok,
93,https://blog.msalt.net/93,"맛있고 간편한 아이들 간식, 바나나 스콘 만들기",2015-08-03T22:30:25+09:00,육아와 가사,"[""간단한 간식"", ""바나나스콘"", ""베이킹"", ""스콘 만들기"", ""아이들 간식""]","만들기도 간편하고, 먹기도 간편해서 아이들 간식으로 딱 좋은 맛있는 바나나 스콘 만드는 방법과 경험을 살짝 적어봅니다.ㅎ 스콘은 부스러기가 많이 생기지 않아서 제가 참 좋아하는 간식인데, 만드는 방법도 엄청 간단하더라구요. 부스러기가 많이 생기면 애들이 여기저기 흘려서ㅠ 사실 올 봄에 만들어서 한참 먹었는데 이제서야 포스팅하네요.ㅋ 준비물 간단하죠? 그래서 참 좋은것 같아요.ㅎ 오븐도 가정집에 일반 알뜰 광파오븐으로도 잘됩니다~ 만드는 방법 따로 안적을께요...ㅋㅋㅋ 진짜 중요한건 경험이잖아요~~ㅎㅎㅎ 저 레시피에 바나나 2개라고 되어 있잖아요. 저게 문잽니다! 2개가 뭡니까!ㅋ 베이킹은 g단위로 정밀하게 배합하는데...ㅎ 제가 2번 만들어 본 경험을 바탕으로 추가 설명드릴께요~ 1차 시기 1차 시기엔 ..",0,ok,
92,https://blog.msalt.net/92,초대장 10장 배포합니다,2015-08-02T22:45:36+09:00,About Blog,"[""티스토리 초대장 배포""]","티스토리 초대장 10장 배포하려 합니다. 저에게도 이런 날이 오네요.ㅎㅎ 블로그 제대로 하지도 못하고 있는데...어느날 초대장이 들어와 있어서 이렇게 배포해드리려고 합니다.대단한건 아닌데, 티스토리 운영팀에서 초대장 배포에 신중을 기해서 진행해달라는 관계로 댓글로 신청을 받아서 선정 후 배포해 드려러 합니다~막상 시작해도 은근히 시간이 많이 들어서 블로그를 꾸준히 유지하는 것이 쉬운일이 아닙니다~ 그러니까 블로그 하시긴 전에 왜 블로그를 하는지 이유를 스스로 생각해 보시고 정리해 보시는 것도 좋을 것 같아욧!블로그를 하면 좋은점... 제 포스팅을 참고하셔도.ㅎ 신청방법 블로그 운영하시려는 이유와 담고 싶은 내용 (간단하게 써주셔도 되요~) 초대장을 받으실 메일 주소 두가지를 댓글로 적어주세요~ (비밀 댓..",0,ok,
91,https://blog.msalt.net/91,티스토리 반응형 웹 스킨 공유,2015-07-30T04:46:59+09:00,About Blog,"[""반응형스킨"", ""티스토리 스킨""]","티스토리 반응형 웹 스킨을 공유해 봅니다. 반응형 웹 스킨 공모전같은거 모르고 그냥 개인적으로 만들었는데, 그냥 함 내보려고요. 마지막까지 고민했는데, 정말 그냥 내보는 겁니다!!! (부끄러워요...ㅎ) 소개 제 스킨은 티스토리의 모든 기능이 구현되어 있지 않습니다.모든 기능에대해서 넣을지 말지 고민해 보았습니다. 그리고 있으면 좋을것은 다 빼고, 꼭 있어야 된다고 생각되는 것만 넣었습니다. 얼마전에 읽은 UX가이드 책에서 본 내용인데, 너무 와닿더라구요. 있으면 좋으니까 들어간 기능은 지저분하기만 한것 같아서 과감히 뺐습니다. 절대 귀찮아서 그런것 아닙니다.제가 원하는 모양을 만들다보니 불가피하게 자바스크립트로 컨텐츠의 위치를 조작했네요. 자바스크립트가 동작하지 못할 경우 일부 모양새가 이상하게 표현 ..",0,ok,
90,https://blog.msalt.net/90,[요리팁] 옥수수 맛있게 먹는 방법,2015-07-19T01:17:37+09:00,육아와 가사,"[""생활의 지혜"", ""옥수수"", ""조리 팁"", ""충북 괴산""]","속리산 계곡에 놀러 갔다 오는 길에 괴산에서 옥수수를 사왔습니다. 괴산 대학 옥수수. 왜 대학일까요? 옥수수로 자식 대학 공부까지 다 시켰다고 해서 유래한 말은 아니겠죠?ㅋ 맛있는 먹는 방법을 공유해 봅니다~ 아으 졸려. 1단계 - 옥수수 사러 괴산으로 갑니다. 무작정 출발?ㅋㅋㅋ 신선도가 중요하다는 뜻입니다~ 꼭 괴산이 아니여도 좋습니다만 가능하면 산지에서 밭에서 수확한지 얼마 안된 옥수수가 좋습니다. 물올려 놓고 옥수수 따러간다.구전 비화 이런 말이 있죠. 그만큼 빠른 시일내에 조리가 중요하다는 것입니다. 34번, 37번 국도 지날때 대학 옥수수 쌓아놓고 파는 곳이 몇곳 있습니다. 저는 30개 만오천원 주고 샀어요. 쌀땐 만원까지도 떨어진다고하네요. 2단계 - 옥수수 수염도 버리지 마세요. 버리지 말..",0,ok,
89,https://blog.msalt.net/89,[독후감] 아주오래된 농담,2015-07-17T00:03:52+09:00,감상문,"[""독후감"", ""박완서"", ""아주 오래된 농담""]","두번 읽었는데, 그냥 가볍고 재미있게 읽은 소설. 연재하던 것을 묶어서 다시 발행했다고 하던데, 연재 스타일이 느껴진다. 매 회마다 진행되는 작은 묶음 단위의 긴장과 이완의 전개 같은 것이 종종 보인다. 주된 내용이 결혼과 가족에 대한 이야기라서 나의 결혼과 가족에 대해서도 한번쯤 생각해 보았다. 재미있었다!",0,ok,
88,https://blog.msalt.net/88,[노래] 1506_삐딱하게,2015-07-16T23:45:38+09:00,이달의 노래,"[""6월의 노래"", ""노래 추천"", ""이달의 노래""]","희망차게 시작한 한해가 벌써 절반이 지났다. 눈에 띄게 성과가 나온것은 아니지만 희망은 여전하다. 다만, 의혹을 가지고 끊임없이 되묻자. 삐딱한 시선으로... 삐딱하게, 강산에 명태, 강산에 Stand by me, Oasis Let there be love, Oasis The outsider, Lack of afro I am the party, Jose AM Kick the beat(Club Remix), Akara 심쿵해, AOA View, 샤이니 이럴거면 그러지말지, 백아연 널 생각해, 원 모어 찬스 무너져, 바닐라 어쿠스틱 Ben, Michael Jackson I want you back, Jackson Five Uptown Funk, Mark Ronson",0,ok,
87,https://blog.msalt.net/87,[독후감] 자녀의 5가지 사랑의 언어,2015-07-16T00:27:55+09:00,감상문,"[""독후감"", ""육아""]","사랑의 한없이 채워주어 그 사랑을 바탕으로 자존감이 높은 아이로 키우자. 나의 양육 원칙(?)이다. 평범하지만 꾸준히 실천을 위해 노력하고 있다. 이 책은 기본적으로 나의 양육 원칙과 동일한 바탕으로 쓰여진 것 같다. 그래서 별로 부담감 없이 쉽게 읽을 수 있었다. 사랑은 하는 것도 중요하지만 표현하는 것도 중요하다. 언어가 다르면 표현을 이해하기 힘든 것처럼 사랑에도 5가지 언어가 있고, 5가지 중 보다 쉽게 이해하는 것과 그렇지 않은 것이 있으며, 보다 적극적으로 표현하기 위해서는 사랑하는 사람이 어떤 언어를 사용하는지 알아야 한다는 것이 이 책의 핵심이다. 5가지 언어 - 스킨십, 인정하는 말, 함께하는 시간, 선물, 봉사 공감되고 인상 깊었던 부분을 따로 모아봤다. 아이들은 때때로 자신보다 부모의..",0,ok,
83,https://blog.msalt.net/83,HTML5 & CSS3 오늘 구현하는 내일의 웹 표준,2015-06-15T23:35:37+09:00,기술 이야기,"[""CSS3"", ""IT"", ""html5"", ""웹 표준"", ""웹표준""]","10페이지도 채 읽기 전에 내가 얼마나 HTML5와 CSS3에 대해서 잘 못 알고 있었는지 알게 되어 얼굴이 화끈거렸다. 기본적인 코딩 룰도 지키지 않은채 코딩을 했었던 것 같다. 문제 없이 잘 돌아가지만 어디 내놓기 부끄럽다는 걸 알게 되었다. 간단하게 정리해둔다. doctype 선언 (DTD, Document Type Declaration) 현재의 문서가 어떤 형식으로 제작되어 있는지를 나타낸다. 유효성 검사기가 문서에 어떤 규칙을 적용할 지 알려줌 IE6,7,8 버전에서 문서를 '표준모드'로 렌더링하도록 강제함 시맨틱 마크업 semantic - 의미론의, 어의의, 의미의 마크업을 의미적으로 좀 더 잘 표현하는 것이며, 기계와 사람 모두가 좀 더 쉽게 문맥을 이해할 수 있게 해준다. 예를 들어 헤더와..",1,ok,
82,https://blog.msalt.net/82,[노래] 1505_아니벌써,2015-06-14T23:52:35+09:00,이달의 노래,"[""이달의 노래""]","아니 벌써 5월이 지나고 6월의 가운데 와있다니... 지난 시간에 비해 내가 남겨놓은 것이 너무 초라하기에 조바심이 더욱 커진다. 돌아보고, 내다보고, 호흡을 가자듬어 본다. 행복의 조건, 드렁큰 타이거 엄지손가락, 드렁큰타이거 April funk, 페퍼톤스 넌 나의 넘버원, 이한철 남자는 배 여자는 항구, 심수봉 Check on it, Beyonce Want to want me, Jason Derulo fantastic baby, 빅뱅 아니벌써, 산울림 Somewhere only we know, Keane Renegades of funk, Rage Against The Machine 첩이라도 괜찮다는 네 말에, 피해의식 Girl group, 피해의식 Burn, Deep Purple We like 2 p..",0,ok,
81,https://blog.msalt.net/81,[독후감] 다윗과 골리앗 - 통찰력에 감탄하게 되는 책,2015-06-11T01:03:08+09:00,감상문,"[""다윗과 골리앗"", ""독후감""]","이미지 출처 : 21세기북스 홈페이지 두껍지만 읽기 어렵지 않고, 흥미롭고 진지하면서도 재미있고 많은 생각을 자극 해주는 책이다. 여러 방면에서 새로운 접근을 생각해 볼 수 있는 통찰을 선사한다. 완전히 새로운 이론이나 주장 같은 것은 아니지만, 우리가 한번 쯤은 생각해본 내용들을 짜임새 있게 잘 정리해서 강한 설득력을 갖는다. (예를 들어 물러설 곳이 없는 약자들이 꺼내든 예상치 못한 새로운 전략이 효과를 봤다는 내용은 어떻게 보면 일반적이라고 할만큼 보편적인 이야기다.) 전반에 걸쳐 약자가 어떻게 강자를 이겨나가는지 그리고 그 배경에 어떤 일들이 있었는지 잘 설명해 주는데 그 과정에서 우리가 미쳐 알지 못했던 내용들과 생각을 통해 저자의 통찰력을 엿볼 수 있다. 확실히 이 책의 백미는 그 부분이다. ..",0,ok,
79,https://blog.msalt.net/79,[노래] 1504_요즘 너 말이야,2015-05-20T00:26:44+09:00,이달의 노래,"[""노래 추천"", ""이달의 노래""]","시간이 어떻게 가는지 모를만큼 바쁘게 지내고 있다. 예전에는 회사일이 너무 많았지만, 요즘에는 내가 만든 일이 많아서 정신이 없다. 하고 싶은 일이 너무 많다. 해야 할일도 너무 많고...행복하다. 진짜루~ :) 요즘 너 말야 (Album Edit), 제이레빗(J Rabbit) 천개의 바람이 되어, 임형주 Happy Birthday To You, 권진원 Problem (feat. Iggy Azalea), Ariana Grande(아리아나 그란데) Sugar (feat. Nicki Minaj) (Remix), Maroon 5(마룬 파이브) Scream, Usher(어셔) 다른 남자 말고 너, 미쓰 에이(miss A) 사랑이 방울지네, 10cm(십센치) 행의 설렘은 출발 직전, 플라스틱 케이스(Plastic..",0,ok,
78,https://blog.msalt.net/78,깃으로 디버깅 하기 - git bisect 활용,2015-04-30T14:41:31+09:00,기술 이야기,"[""GIT"", ""git bisect"", ""git debug"", ""깃"", ""깃 디버깅""]","오 맙소사! 이렇게 좋은 기능이 있었다니... 깃은 정말 너무 훌륭한 프로그램인것 같다. 간단하다면 한없이 간단하고 복잡하다면 한없이 복잡한 모습이 매력적이며, 알면 알 수록 유용한 기능과 뛰어난 확장성을 보여준다. (알수록!!!) 먼 옛날 내가 사원일때...디버깅이 정말 어려운 문제가 있었다. 공정 성능 문제여서 디버깅 자체가 쉽지 않은 상황인지라 로그도 없이 코드 분석을 했지만 쉽지 않았다. 결국 나는 구미로 출장을 갔다. 그 거대한 챔버 앞에서 밤을 새면서 내가 한일은...문제가 발생하지 않았던 버전부터 차례대로 빌드해서 결과를 보는 방식이었다. 그때 이진탐색 방법으로 히스토리를 좁혀갔는데 동일한 방법이 git bisect 기능으로 구현되다니!!! 이건 마치 나의 경험을 바탕으로 토발즈가 만들어준듯..",0,ok,
77,https://blog.msalt.net/77,웹 서버를 운용하는 5가지 방식,2015-08-03T10:35:25+09:00,기술 이야기,"[""웹 서버 운용""]","웹 서버를 운용하는 방식에 대해서 알아보다 좋을 글을 보고 정리해 본다. 웹 어플리케이션의 시대가 왔다. 티스토리 블로거라면 곧 웹서버 하나씩 운영하게 될 날이 금방 찾아오지 않을까 싶다. 개인 서버두고 홈페이지 운영하는 것이 점점 쉬워지고 있고, 모바일 환경에서 웹의 영향력이 계속 커지고 있기 때문이다. 조금만 공부하고 알아보면 쉽고 싸게 개인 웹 서버를 운영 할 수 있으며, 이 서버로 할 수 있는 일이 무궁무진하다~! 오늘은 운영 방식만 간단하게 정리. 어떤 일을 할 수 있는지는 나중에 delisalt.me 프로젝트를 참고하면 좋을듯.ㅎ 쉽게 설명해둔 아래 글을 정리한 것이다. 자세한 내용은 원문을 참고! 5 Common Server Setups For Your Web Application 오직 1개..",0,ok,
76,https://blog.msalt.net/76,"로드 밸런싱 2가지 타입 - Layer 4(L4), Layer 7(L7)",2015-04-28T17:13:05+09:00,기술 이야기,"[""L4 Load Balancer"", ""Load Balancer"", ""로드 밸런서"", ""로드 밸런싱""]","웹 서비스에서 로드 밸런싱이란 트래픽을 여러 서버로 분산 처리하는 것을 의미한다. 로드 밸런싱은 여러가지 방법으로 구현이 가능하지만, 2가지로 구분해본다면 Layer4 로드밸런싱과 Layer7 로드밸런싱으로 구분할 수 있다. 관련된 내용을 쉽게 설명해 둔 글이 있어서 일부를 발췌해서 정리해 둔다. 아래 영문 사이트 참고 An Introduction to HAProxy and Load Balancing Concepts Layer 4 로드 밸런싱 말그대로 L4(transport layer)에서 로드 밸런싱을 해주는 것이다. 유저는 로드밸런서에 접속하고 로드 밸런서는 여러대의 웹서버 중 한곳으로 포워딩 해주는 간단한 구조이다. 일반적으로 IP 주소와 포트를 기반으로 트레픽을 나누는데, 나누는 알고리즘도 다양하..",0,ok,
75,https://blog.msalt.net/75,[독후감] 실전UX디자인,2015-04-28T17:12:17+09:00,감상문,"[""독후감"", ""디자인"", ""디자인은 커뮤니케이션이다"", ""실전UX디자인""]","회사 도서실에서 빌려본 두번째 디자인책이다. 지난번 책은 편집 디자인 관련된 깨알같은 지식이 훈장님 회초리 같이 느껴졌는데, 이번 책은 스스로에 대한 반성과 자각을 경험하게 되는 책이다. 마치는 글의 2가지 표현이 기억에 남는다. ""디자인은 커뮤니케이션이다"" ""과유불급"" 무언가를 디자인 해본 사람이라면 누구나 그렇게 생각을 할 것이다. 사용자를 배려하고 그 배려가 모자르지는 않을까 혹은 지나친 것은 아닐까 고민하고 또 고민하는 일이 디자인이라고... 나는 전문 디자이너가 아니지만 스스로를 디자이너라고 생각한다. 디자이너의 고민으로 무언가를 만들어내고 바꾸고 혁신하는 것을 즐기기 때문이다.실제 디자인도 많이함ㅋ! :) 이미지 출처 : 해당 출판사 홈페이지 (http://www.acornpub.co.kr/b..",0,ok,
73,https://blog.msalt.net/73,[독후감] 정의란 무엇인가,2015-07-27T00:09:50+09:00,감상문,"[""독후감"", ""정의"", ""철학""]","이 책을 읽지 않았더라면 정의에 대해서 이토록 철학적인 고민을 해봤을까. 질질 끌면서 어렵게 다 읽은 만큼 나에게 남겨진게 많은 것 같다. 그래서 참 좋은 책이라고 권하고 싶다. 개인적으로 짧막하게 정리해본다. 1강 옳은일 하기 고민이 시작된다. 철학이 이런거구나. 옳고 그름에 대해서 단박에 말하기 힘든 것들에 대한 진지한 고민쯤으로 설명할 수 있을까? 2강 최대 행복 원칙 고급 쾌락의 존재 확인했다. 배부른 돼지가 되느니 배고픈 소크라테스가 되겠다. 존 스튜어트 밀 3강 우리는 우리 자신을 소유하는가 때때로 우리는 자유를 맹신하고 있으며, 그 맹신은 정의를 설명하는데 턱없이 부족하다는 것을 새삼 깨닫게 되었다. 콩팥을 사고 팔거나 대리모를 고용하는 일 그리고 식인행위 등에 대해서 고민을 시작하게 된다면..",0,ok,
72,https://blog.msalt.net/72,블랙박스 자가장착 경험담,2015-04-03T04:23:24+09:00,나의 경험담,"[""블랙박스 자가 설치"", ""블랙박스 장착""]","결론부터 말하자면, 꼭 도전해 보라고 권하고 싶다. 쉬워도 너무 쉽다. 그리고 직접 못할 이유가 없는것 같다. 차량 기능이나 운행중 안전에 영향을 미치는 것도 아니고, 잘못 달아서 차가 망가지거나 오작동 하는 일은 거의 없기 때문이다. 설치 방법 인터넷에 아주 많은 가이드가 있어서 3~4개만 읽어봐도 문제 없이 할 수 있다. 물론 시작하기전에 잘할 수 있을가 매우 걱정된다. 근데, 막상 해보면 별거 없다. 루카스 홈페이지 가이드 http://www.lukashd.com/gnuboard4/bbs/board.php?botable=customer04&wr_id=39 상세한 설명이 좋은 블로그 포스팅 http://view42.tistory.com/68 걱정하지 말고 도전하세요~ 차가 달라서 설치 방법이 다르지 ..",0,ok,
71,https://blog.msalt.net/71,요리 경험담) 수제 감자 튀김,2015-04-03T04:00:35+09:00,나의 경험담,"[""수제 감자튀김"", ""홈메이드 감자튀김""]","결론부터 말하면, 감자 튀김은 그냥 사먹는 걸로...ㅋㅋㅋ 진짜 힘들고 손이 많이 가고 딱히 이득이 없다. 빵은 재료나 보관 측면에서 직접 만들어 먹는게 좋은 점이 많은데, 감자 튀김은 그런 점이 별로 부각되지 않아서 수고스러움이 고생만 되었다.2가지 방법 모두 해봤다. 전자렌지를 이용하는 것과 기름에 튀기는 것. 확실히 기름에 튀기는 것이 맛있는데, 뒤처리가 너무 귀찮다. 튀김요리는 힘들어.ㅠ방법은 간단하다. 얇게 썰어서 말리고 튀기면 끝.",0,ok,
70,https://blog.msalt.net/70,음식점) 수원 영통구 매탄동 포메인,2015-04-01T23:02:39+09:00,나의 경험담,"[""베트남 쌀국수"", ""포메인""]","포메인에서 점심으로 해산물 팟타이 나는 별론데, 동료는 매우 맛있다고 한다. 해산물 맛도 많이 안나고 딱히 진하거나 담백한 해물의 맛없이 평범한 면요리였다. 동료는 진짜 너무 맛있다고 했지만, 역시 베트남은 쌀국수라는 생각을 다시 하게 되었다. 스프링 롤은 맛있었다.",0,ok,
69,https://blog.msalt.net/69,성공의 80%는 일단 출석하는 것이다.,2015-04-01T22:33:46+09:00,좋은 씨앗,"[""우디 앨런""]",Eighty percent of success is showing up. 성공의 80%는 일단 출석하는 것이다. Woody Allen (우디 알렌),0,ok,
68,https://blog.msalt.net/68,[노래] 1503_그게 뭐라고,2015-04-01T21:34:36+09:00,이달의 노래,"[""이달의 노래""]","요즘...공무원보다 더 강하게 칼퇴근 하고 있다. 주 40시간만 근무하고 있다. 기분이 이상하다. 6개월 전엔, 새벽 1시 반까지 일하고 집에 오는 날도 종종 있었는데... 그게 뭐라고 가끔 그 모습이 그립네. 그 새벽 공기가 나쁘지만은 않았는데... 이젠 나 스스로 나를 녹여내야 할 시간이 왔네. 기회가 많지 않다는 것을 명심하자. 그게 뭐라고 - 어쿠루브 야생화 - 박효신 Oh My God - 15& 퓨쳐럽 - 눈뜨고코베인 우리 집은 화목한데 - 눈뜨고코베인 미안해요 잊어줘요 - 눈뜨고코베인 봄이 와 - 김현철 ft. 롤러코스터 Thank you - Dido Love The Way You Lie - Eminem ft. Rihanna 사랑은 미친짓 - 15& 잡지 않았어 - 어쿠루브 너가 떠나고 - 어..",0,ok,
65,https://blog.msalt.net/65,등심환 선인장 꽃 피우기 성공,2015-03-25T00:06:34+09:00,초록이들,"[""꽃 관찰"", ""꽃 피우기"", ""단일 식물"", ""등심환"", ""원형 선인장"", ""초록이들""]","등심환 선인장 꽃 피우기 꽃 피우기라고 하니까 내가 꽃피라고 영양제라도 주고 구박이라도 한것 같은데, 사실은 그냥 관심 갖고 이뻐해주다보니 꽃이 피었다~ㅎ 근데, 처음 화원에서 입양할때는 꽃이 엄청 많았는데, 그렇게 많이 피지는 않네? 왜그럴까...알아봤다. 꽃이 피는 매커니즘 식물은 기온과 낯의 길이로 봄이 온것을 알아채고 꽃을 피운다고 한다. 아래 포스팅에 과학적인 설명이 있다!ㅎ http://scentkisti.tistory.com/779 선인장은 단일 식물 단일 식물은 일조시간이 길어지면 꽃눈이 억제되고, 짧아지면 꽃눈이 촉진되는 식물이다. 선인장은 대부분 단일 식물이고, 다육이 종류도 그렇다. 그래서 꽃을 피우려면 일조시간을 12시간 이하로 관리해야 한다! 그것도 2달 동안이나... 예전에 회사..",0,ok,
61,https://blog.msalt.net/61,감기의 진실에 대하여...한번 더 생각해 보기.,2015-02-12T00:44:45+09:00,육아와 가사,"[""ebs 다큐프라임"", ""감기"", ""감기 약을 찾아서"", ""감기의 진실 오해"", ""다큐멘터리"", ""다큐프라임"", ""오해"", ""의사 불신"", ""처방 불신""]","오랫만에 감기에 걸렸는데, 감기약을 먹을까 말까 고민하다가 누리꾼들의 의견을 수렴하던 찰라에 '감기'라는 EBS다큐멘터리와 그 내용을 정리해둔 포스팅들을 접하게 되었다. 감기의 진실로 검색해보면 비슷한 내용의 많은 포스팅이 있는데, 일방적인 의견들이 대부분이었고, 그 중에는 감정적인 분노 표출과 한탄도 있었는데, 꼭 그렇게만 생각해서 안될것 같아. 거기서 한발 더 나아간 의견을 제시해 본다. 선진국엔 감기약이 없다던데? 정리된 글이 많은데, 구선생이 보내준 첫번째 포스트를 정리해 보면... http://blog.naver.com/jkl5/30044652247 http://marke.tistory.com/303 일부 선진국은 감기(common cold)에 대해서 특별히 처방을 하지 않는다. 약을 처방하지 ..",0,ok,
60,https://blog.msalt.net/60,"포토북 만들기, 3번째 가족앨범 만들면서... - 세번째",2015-02-03T00:21:55+09:00,만들기,"[""가족 앨범"", ""찍스 포토북"", ""포토북 만들기"", ""포토북 팁"", ""후기""]","드디어 마지막 포스트. 찍스 포토북 후기와 기타 제작팁이다. 역시나 경험 위주로! 참고용 정보들을 적어본다. 여백을 잘 배치하기 우선 찍스 포토북 제작 프로그램에 보면 상당히 많은(?) 부분이 빗금쳐져있고 해당 부분은 인쇄되지 않을 수 있다고 하는데 진짜 많은 부분이 잘려서 온다. 그리고 그 부분이 일정치가 않다. 그렇기때문에 여유 공간을 넉넉이 두는 것이 좋다. 그리고 추가로 여백도 잘 배치하는 것이 좋다. 화면이 사진으로 꽉차면 알차게 구성되기야 하겠지만 여백이 적당히 있어야 사진이 더 돋보인다. 아깝다고 생각말고 과감하고 적절하게 여백을 넣자. 2013년보다 여백을 더 넣었는데, 막상 받아서 보니 조금 더 넣을걸 생각이드는 페이지가 꽤된다.ㅠ 색감과 밝기를 보정하기 인화된 사진은 좀 어둡게 보인다...",0,ok,
59,https://blog.msalt.net/59,[사용기] CJ헬로모바일 알뜰폰 추천합니다~,2015-02-02T00:07:20+09:00,나의 경험담,"[""CJ헬로모바일"", ""LTE"", ""알뜰폰"", ""알뜰폰 후기"", ""이동통신사"", ""통신요금절약""]","내가 낭비벽이 좀 있는 편인데, 알뜰폰을 추천하게 되었다. 이유는 요금이 저렴해서 마구 낭비해도 부담이 안되기 때문이다. 하하하하. 알뜰폰을 쓰게 된 계기는 약정 기간이 끝났는데 폰이 아직 너무 좋아서 불편을 못 느끼는바 다른 요금제를 찾아보다가 알게되었다. 사실 노트3 사려고 주문까지 넣어놨다가 진짜 지금 폰이 큰 부족함이 없어서 주문 취소하고 알뜰폰으로 왔는데, 알뜰폰에 대해서 몰랐다면 노트3 2년 약정으로 갔을거다. 그 보조금과 할인을 생각하면 그게 이득인게 지금 현실이기 때문에...(돈을 받고 폰을 바꿀 수 있었는데...) 왜 좋은지 & 누구에게 좋은지 알뜰폰은 나처럼 낭비벽이 있으나 검소한 사람에게 적합한 상품이다. 여러군데 알아보지는 않았는데, CJ헬로모바일이 제일 좋을것 같다. 일단 싸다. ..",0,ok,
55,https://blog.msalt.net/55,책이 왜 좋은지와 많이 빨리 읽는 방법에 대해...,2015-01-24T23:32:07+09:00,사람생각,"[""독서"", ""독서 방법"", ""정보의 탄생"", ""책 읽는 방법"", ""책이 왜 좋은지""]","이런게 누군가에게 도움이 될런지 모르겠지만, 어제 EBS 다큐 가족쇼크를 보고 아이들의 학습을 지도하는 방법에 대한 어른들의 공격적이고 전근대적인 접근을 보고 답답함을 느끼며 책이 왜 좋은지와 책을 빨리 읽는 방법에 대해 적어본다. 책이 좋은 이유 예전에는 책을 많이 읽으라는 말이 정말 흔했다. 유명인사나 성공한 사람들에게 제일 많이 듣는 말이기도 했는데, 요즘엔 책보다 인터넷이 차라리 낫다는 의견도 꽤 나오는 것 같다. 아무리 인터넷이 잘 발달했지만, 나는 아직 책을 권한다. 우리가 접하는 정보들의 탄생 배경을 생각해보자 책을 권하는 이유는 자연스레 책이 왜 좋은지에 대한 답이 될 것이다. 요즘 세상 사람들은 많은 데이터와 정보를 접하지만 실질적으로 도움이 되는 양은 예전보다 크게 많아 진것 같지 않다..",0,ok,
54,https://blog.msalt.net/54,"오마바의 새해 국정연설을 보며, 우리의 슬픈 정치 현실을 생각한다",2015-01-24T23:16:28+09:00,사람생각,"[""경제 민주화"", ""박근혜"", ""법인세 인하"", ""보수"", ""부자 감세"", ""새해 국정연설"", ""서민 증세"", ""신년 기자회견"", ""오바마 국정연설"", ""정치"", ""정치 현실"", ""정치세력"", ""진보""]","미국 정치에 관심이 많거나 이해도가 높지는 않지만, 민주당과 공화당이 있고 각각 진보와 보수를 대변하는 정당이며, 오바마는 민주당 소속이라는것 정도는 알고 있다. 하지만 보통 내가 접하는 오바마 뉴스는 정당의 정치적 성향보다 국제사회에서 미국의 위치와 역할에 관계된 내용들이 대부분이기에 오바마가 얼마나 진보적인지, 어떤 정책들을 이끌어왔는지 잘 몰랐다. (기껏해야 오바마 케어정도?) 오바마 대통령의 새해 국정연설 오바마 대통령의 새해 국정연설에 대한 기사를 봤다. 신선한 충격이었다. 짧은 연설 동영상도 봤는데, 너무 멋있었다. 나만 그런게 아닌가보다 호평이 이어지고 지지도가 급상승했다고 한다. 걔중에는 '오바마가 돌아왔다'라는 표현도 있는데, 진보적인 대통령의 면모를 보여줬다고들 한다. http://li..",0,ok,
53,https://blog.msalt.net/53,"포토북 만들기, 3번째 가족앨범 만들면서... - 두번째",2015-01-21T00:20:17+09:00,만들기,"[""Picsart"", ""가족앨범"", ""사진 편집"", ""사진 품질"", ""포토북"", ""포토북 만드는법"", ""포토북 만들기"", ""해상도""]","두번째는 사진 편집 방법에 대해서 쓰기로 했는데, 막상 적으려니 좀 막막한 감이 없지 않지만 직접 느꼈던 경험과 고민을 솔직 담백하게 적어보련다. 어떻게 구성하고 싶은지 먼저! 나 역시 포토북에대한 포스팅을 찾아보고 참고하는데, 사람들 마다 취향이 다 다르다. 스티커를 많이 사용하는 사람이 있고, 오로지 사진만 넣는 사람이 있다. 사진의 양도 한페이지에 1~3개까지만 넣는 사람이 있고, 꽉꽉 채워 넣는 사람도 있다. 당연한 이야기지만 정답은 없다. 하지만, 어떤 컨셉으로 구성할지 먼저 생각해야 한다. 처음엔 이게 제일 중요하다. 그래야 지치지 않고, 통일성을 갖춘 한권의 작품을 만들어 낼 수 있다. 뚜렷한 주관없이 여기 저기 다른 사람들거 가져다가 사진만 바꿀 경우 처음에 사진 위주로 눈에 들어와서 큰 ..",0,ok,
46,https://blog.msalt.net/46,"물이 맑으면 고기가 없고, 사람이 너무 따지면 따르는 이가 없다",2015-01-20T02:16:28+09:00,좋은 씨앗,"[""깨달음"", ""좋은 글""]","水至淸則無魚, 人至察則無徒 수지청즉무어, 인지찰즉무도 물이 너무 맑으면 물고기가 없고, 사람이 너무 따지면 따르는 이가 없다. 사람도 자연임을 잊지 말자. 2015. 1. 19",0,ok,
45,https://blog.msalt.net/45,[노래] 1412_추억,2015-01-20T02:10:02+09:00,이달의 노래,"[""노래 추천"", ""이달의 노래""]","새로운 부서에서 바쁘게 일하느라 기한이 지나서 노래를 바꾼다. 집 정리하다가 나온 CD에서 추출한 노래들로 골라봤다. 학창시절 생각난다. 서태지와 아이들, Yo Taiji서태지와 아이들, 교실 이데아서태지와 아이들, 필승주주클럽, 나는 나주주클럽, 공주병Diva, I'll Get Your Love김종서, 아름다운 구속김동률, 시작Jewel, Pieces of You휘성, 미인(美人)휘성, Player터보, 어느 째즈바터보, 노스트라다무스 (사랑의 예언)터보, 회상 (December)Puff Daddy, I'll Be Missing You이원진, 시작되는 연인들을 위해Jewel, Foolish Games여행스케치, 별이 진다네",0,ok,
44,https://blog.msalt.net/44,요리 경험담) 만두피까지 손수 만든 손만두의 노하우 기록,2014-12-29T22:14:11+09:00,나의 경험담,"[""건강한 야식"", ""만두 레시피"", ""만두 만드는 방법"", ""만두 만들기"", ""만두 요리법"", ""만두피"", ""만두피 반죽"", ""손만두"", ""아이들 간식"", ""아이들과 함께 요리""]","2014 크리스마스를 맞아 집에서 만두를 만들어 봤다. 예전에 고모님이 알려주신 황금레시피와 인터넷에서 접수한 5~6개의 레시피를 적절하게 조합해서 만들었다. 경험을 정리해서 공유해 본다. 황금 레시피의 포인트는 만두피 반죽할때 물을 사용하지 않고, 오로지! 달걀만을 사용하는 것이다. 고모님의 만두는 피가 두껍지만 고소하니 맛있어서 참 좋았다. 그럼 나의 만두는...? 잘된점 만두피가 아~주 맛있지는 않았지만, 얼추 흉내는 낸것같다. 고소하고 맛있었다. 속에 들어가는 내용물의 간과 배율이 잘 맞았다. 맛이 좋았는데, 사실 재료가 워낙 좋아서 맛이 없을 수가 없는 구성이다. 좋은 재료를 잘 준비해서 만든다면 실패 할리가 없으니 걱정 안해도 된다. 조미료따위 필요없음ㅎ(소고기, 돼지고기, 부추, 두부, 김치..",0,ok,
37,https://blog.msalt.net/37,초록이들 겨울나기 + 천연 가습기 노릇하기,2014-12-17T00:17:29+09:00,초록이들,"[""가습 화분"", ""겨울 나기"", ""식물 월동"", ""천연 가습""]","우리가 키우는 실내 식물들은 대부분 열대지방의 식물들이거나 그것의 개량종들이다. 그래서 겨울철에는 베란다에서 겨울을 나다가 동사하는 경우도 종종있다. 동사하지 않더라도 동사직전의 상태에서 간신히 버티는 경우가 많은데, 가능하면 실내로 들여놓는 것이 좋다. 겨울철 실내 공기는 환기량이 적고 건조하게 유지되는 경우가 많은데, 화초를 실내로 들여놓으면 천연 공기 청청효과와 가습효과를 얻을 수 있고, 식물에게는 안락한 환경을 만들어 줄 수 있어서 좋다! 아이들이있거나 집이 좁다면, 화초를 화장대나, 책꽂이, 식탁같은 곳에 올려 두는 것도 좋다. 주의할 점은, 빛이 너무 적은 곳은 피하는 것이 좋다. 당연한 이야기인데도 그늘지거나 사용하지 않아서 어두운 방에두어서 괴사하는 경우를 종종 본다. 그리고 입이 넓은 애..",0,ok,
36,https://blog.msalt.net/36,좋은글) 가난한 사람은 돈이 없는 사람이 아니라 꿈이 없는 사람이다,2014-12-16T15:26:43+09:00,좋은 씨앗,[],"The poor man is not he who is without a cent, but he who is without a dream. - Harry Kemp",0,ok,
35,https://blog.msalt.net/35,"포토북 만들기, 3번째 가족앨범 만들면서... - 첫번째",2014-12-12T00:17:09+09:00,만들기,"[""가족앨범"", ""경험담"", ""찍스"", ""포토몬"", ""포토북"", ""포토북 만들기""]","처음 포토북을 만들고 만족도가 높아서 매년 포토북을 만들고 있다. 예전에 어떤분이 여행 갈때마다 포토북 하나씩 만든다고 했는데, 기회가 된다면 나도 테마별로 나눠서 제작하고 싶다. 계절마다 한개씩?ㅎㅎ 포스트는 3편으로 나눠서 작성하려 한다. 사실 작년에 포스팅하다가 글이 길어져서 쓰다만 적이 있어서, 그걸 바탕으로 다시 살려보려한다. 너무 길면 보기도 힘들고, 작성하다가 지친다.ㅋ 디테일한 스크린샷과 동영상은 다른 블로거들에게 양보하고, 담백하게 나의 경험담을 공유해볼란다. 첫번째 - 포토북이란 두번째 - 사진 편집 방법 세번째 - 기타 제작 팁 포토북이란? 포토북은 말그대로 사진책이다. 책보다는 앨범에 가깝고, 앨범이라고 하기엔 좀 부족한 느낌? 그냥 사진이 들어간 책으로 여기는 사람도 있고, 앨범 ..",1,ok,
34,https://blog.msalt.net/34,맛집) 행주산 국수,2014-12-10T22:13:11+09:00,나의 경험담,"[""국수집"", ""맛집"", ""행주산 국수"", ""행주산성""]","가격도 저렴하고, 국물도 시원하고, 면발이 살아있으며, 양도 엄청나다! 잔치국수 3500원!",0,ok,
33,https://blog.msalt.net/33,사마천의 사기에 나온 재테크 방법,2014-12-08T22:33:01+09:00,사람생각,"[""뜨개질 보다 장사를 해라"", ""사기"", ""사마천"", ""사마천 사기"", ""재테크""]","나는 장사에 진짜 소질이 없는데...뜨개질이 체질인데 어쩌나...큰돈 벌생각은 하지 말거나, 장사 잘하는 사람을 곁에 둬야겠다.ㅎ",0,ok,
32,https://blog.msalt.net/32,식품 첨가물 빼는 방법 from 아이의 식생활,2014-12-08T22:28:34+09:00,육아와 가사,"[""식품 첨가물"", ""아이의 식생활"", ""첨가물 제거 방법""]",요리할때 식자재에서 식품 첨가물 빼는 방법,0,ok,
30,https://blog.msalt.net/30,그런적은 없었는가,2014-12-07T23:09:33+09:00,좋은 씨앗,[],난 종종 그런데...:) -김용택의 겨울풍경 중.,0,ok,
29,https://blog.msalt.net/29,좋은글) 행복의 조건,2014-12-07T23:07:32+09:00,좋은 씨앗,"[""좋은글"", ""행복의 조건""]","The essentials to happiness are something to love, something to do, and something to hope for. 행복의 필수조건은 사랑할 무엇이 있고, 해야 할 무엇이 있으며, 간절히 바라는 무엇인가가 있는 것이다.",0,ok,
28,https://blog.msalt.net/28,당신은 현명한 부모입니까?,2014-12-07T22:51:17+09:00,육아와 가사,"[""육아"", ""체크리스트"", ""현명한 엄마""]","내가 생각하는 현명한 부모는, 부모로서 자신의 모습을 잘 알고 노력하는 부모. 궂이 이런 점검표로 판단의 기준을 세울 필요는 없지만, 한번쯤 읽어보고, 생각해보고, 돌이켜보고, 뭔가 다른 것을 느끼고 깨닫길 바라며 그냥 올려봅니다. 출처는 잘 기억이 나질 않네요. 몇달전에 책보다가 찍어둔 것입니다.",0,ok,
27,https://blog.msalt.net/27,"참치 영양의 보고인가 중금속, 방사능 덩이리인가?",2014-12-07T22:42:03+09:00,육아와 가사,"[""납오염"", ""방사능"", ""중금속"", ""참치"", ""해산물""]","이런 고민과 걱정에 대처하는 가장 좋은 방법은 떠도는 말보다 신뢰성이 높은 정보를 바탕으로 스스로 판단 기준을 정하는것이다. 여기서 스스로 판단 기준을 정할때는 각자 처한 상황과 주변 환경을 고려하는것도 중요하다. 예를 들어 채식으로 전향하겠다는 결심이나 생각은 존중하지만, 본인과 함께하는 동료나 가족들의 식생활을 고려하지 않는다면 이내 실패하게 될 확률이 높고 성공하더라도 즐거운 식사가 이어지기 힘들다. 나는 생선을 좋아한다. 근데, 중금속때문에 가능하면 작은 생선을 먹고, 주2회이상 먹는것을 피하려 한다. 찾아본 내용은 많은데, 논란의 여지가 많은 부분이라서 (영양학적으로 우수하다 vs 위험하다) 개관적인 자료와 함께 설명한 글 한개만 소개한다. 참고한 내용 http://jjy0501.blogspot..",0,ok,
26,https://blog.msalt.net/26,자료 백업 방법,2014-12-03T01:38:36+09:00,기술 이야기,"[""데이터 백업"", ""백업 방법"", ""자료 보관"", ""자료 정리"", ""클라우드 활용"", ""하드 백업""]","조금씩 느려지는것 같더니 갑자기 접근이 안된다. 아에 접근이 안되니까 부팅도 안되고, 긱기기긱 소리만 난다. 이 상황에서 멘붕을 피할 수 있는 사람은 얼마나 될까? 나도 처음엔 웃었지만, 그 동안 간직했던 소중한 자료들이 이렇게 순식간에 사라진다고 생각하니 실감이 나질 않았다. 다행이 별별 방법을 다 동원해서 간신히 HDD에 다시 숨을 붙여놨고, 얼른 중요한 데이터를 다 빼서 새로 구입한 HDD로 옮겼다. HDD 복구는 다른 블로그들을 참고하면 될것 같고, 여기에다가는 사건이 있은 후 내가 마련한 백업 절차를 공유한다~ 데이터는 주기적으로 백업한다. 고정적인 주기보다는 이벤트에 기반하여 진행 개인적인 이벤트나, PC나 모바일 기기의 상태가 변경되었을때 진행 이벤트에 기반한 주기라는 것은 데이터가 의미있는..",0,ok,
25,https://blog.msalt.net/25,[노래] 1411_자전거 탄 출근길,2014-12-03T00:10:42+09:00,이달의 노래,"[""노래 추천"", ""이달의 노래""]",적당히 시원한 바람을 가르며 이어폰속 노래와 함께 자전거를 타고 출근했다. 시간 가는 줄 모르게 하루가 지나가고 해가 떠나는 시간에 회사를 떠나 집으로 왔다. 요즘 참 좋다. 자전거탄풍경_너에게난나에게넌버스커 버스커_잘할 걸토이_그녀가 말했다 (With. 권진아)토이_세 사람 (With. 성시경)Steve Barakatt_Im SorrySteve Barakatt_Flying글렌체크_60`s Cardin글렌체크_Pacific글렌체크_Paint It Gold글렌체크_Racket글렌체크_Vogue Boys And Girls악동뮤지션_200%악동뮤지션_인공잔디나는 달라 (Feat. BOBBY)_HI SUHYUNBlack Eyed Peas_Where Is The Love글렌체크_Young Generation요즘 ..,0,ok,
24,https://blog.msalt.net/24,[노래] 1410_시작,2014-11-29T03:53:44+09:00,이달의 노래,"[""노래 추천"", ""이달의 노래""]","새로운 집, 새로운 부서, 새로운 일 시작이다. 두발 자전거를 처음탈때처럼 처음엔 의심과 걱정 두려움 망설임이 가득한데 땅에서 두 발이 떨어지고 패달을 밟기 시작하니 정신이 없다. 잘하고 있는건지 이렇게 하면 되는건지 모르겠지만, 부들부들 핸들을 좌우로 흔들어대며 비틀비틀 앞으로간다. 신해철, 민물장어의 꿈신해철, 일상으로의 초대신해철, 나에게 쓰는 편지김광민, The Way To School (학교 가는길)에픽하이, 헤픈엔딩에피 하이, 스포일러비스트, 12시 30분러브레빗, 기분좋은날7pm, Enjoy Your LifeGrouplove, Tongue TiedStevie Wonder, For Once In My Life서태지, Christmalo.win에픽하이, BORN HATER스윙스, My Balla..",0,ok,
23,https://blog.msalt.net/23,[노래] 1409_안녕히계세요,2014-11-29T03:49:52+09:00,이달의 노래,"[""노래 추천"", ""이달의 노래""]","8년째되는 올해 처음으로 부서를 옮겼다. 보름 동안 매일 같이 사람들을 만났다. 커피를 마시고, 술을 마시고 마지막 회식을 했다. 잠들었던 추억들이 솜구름처럼 피어났다. 안녕. 안녕히계세요. 스웨텐세탁소, 답답한 세벽tablo, Air Bag어반 자카바, 그날에 우리2NE1, Don't CryJason Mraz, LuckySnoop Dogg and Wiz Khalifa, Young, Wild and Free윤도현, 빗소리Maroon 5, This LoveAdam Levine, Lost Stars에피톤 프로젝트, 선인장어반 자카파, 커피를 마시고Lorde, RoyalsBeyonce Knowles, HaloKeane, Everybody's Chaging윈디 시디, Elnino Prodigo형돈이와 대준이, ..",0,ok,
22,https://blog.msalt.net/22,[노래] 1408_괜찮은 여름,2014-11-29T03:41:56+09:00,이달의 노래,"[""노래 추천"", ""이달의 노래""]","에어컨 없이도 괜찮은 여름들국화, 그것만이 내세상양동근, 골목길Maroon 5, Mapsf(x), Red Light바닐라 어쿠스틱, 한 번쯤 니가 먼저Micheal Jackson, Love never Felt So GoodJeff Bernet- With LoveBruno Mars, Just The Way You AreFUN, We Are Young게이트 플라워즈, F.M박정현, 오랜만에김현식, 비처럼 음악처럼나윤선, Lament들국화, 행진Micheal Jackson, Slave to the Rhythm게이트 플라워즈, 물어Maroon 5, Sunday MorningHappy Together, Happay Together Main ThemeJeff Bernet, Call You MineMark Knopf..",0,ok,
21,https://blog.msalt.net/21,좋은글) 사랑은 끝없이 용서하는것,2014-11-27T01:45:05+09:00,좋은 씨앗,[],"Love is an act of endless forgiveness, a tender look which becomes a habit. 사랑은 끝없이 용서하는 것이며, 습관처럼 부드럽게 바라보는 것이다. Peter Ustinov",0,ok,
20,https://blog.msalt.net/20,티스토리 본문 이미지 가로폭을 넘어갈 때 추가 해결 방법,2014-11-27T01:28:47+09:00,About Blog,"[""CSS 우선순위"", ""css"", ""블로그"", ""이미지 사이즈"", ""이미지 짤림"", ""이미지가 본문 가로폭 넘어가는 문제"", ""티스토리""]","티스토리 본문 이지미가 가로폭을 넘어가는 문제가 다시 발생했다. 예전에 문제가 있어서 블로거님들의 도움을 받아서 아래 방법으로 해결했는데, 최근에 다시 문제가 나왔다. 옛날의 내가 아니지...이제 다른 사람에게 알려줄만큼 CSS를 잘알지요~훗. 우선, 예전 해결 방법은 다음과 같다. style.css 스타일 시트에 아래 두 줄을 추가해주어서 해결했는데, 지금은 안됨. img {max-width: 100%; height: auto;} span.imageblock {max-width: 100%; height: auto;} 참조: http://www.cmsfactory.net/node/10198 새로운 해결방법은 다음과 같다. .article img {max-width: 100% !important; heig..",0,ok,
18,https://blog.msalt.net/18,초록이들 소개 - 1,2014-11-25T01:38:05+09:00,초록이들,"[""둥근 선인장"", ""등심환"", ""산세베리아"", ""선인장"", ""줄리페페"", ""초록이들"", ""페퍼로미아"", ""호야"", ""화초키우기""]","키우게된 이유야 여러가지지만, 자연과 초록을 좋아하기에 계속키우다가 엄청나게 늘려놨다가 지금은 입양으로 조금 줄여놨음. 산세베리아는 2011년 11월에 줄기하나로 번식한건데 저렇게 커졌다. 산세베리아의 역사가 담긴 초록맛소금블로그 포스팅[클릭!] 이사 후 분갈이 해주려고 했는데, 때를 놓쳐서 내년 봄에~ 등심환은 이름찾기 힘들었네. 허허. 꽃이 둥글게 피어나고 둥근기둥 모양이라서 등심환이라고 하는 것 같다. 희망환이라고도 한다던데...아래 색이 연한 부분이 내가 입양하고 새로 자란 부분이다. 꽃이 참 이쁜데, 또 피워봐야지~ 호야와 줄리페페는 워낙 유명한 실내화초라서 따로 설명이 필요없을것 같다. 정말 키우기 쉽고 잘큰다. 저게 몇번을 자르고 잘라서 번식도 시켜놓고 줄여놓은 상태다. 줄기 잘라서 바로 흙..",0,ok,
17,https://blog.msalt.net/17,너무 서두르지 마세요 - 엄마 교과서,2014-11-17T23:20:12+09:00,육아와 가사,[],"엄마 교과서라는 책을 읽었는데, 마음으로 다가오는 공감되는 글들이 많이 있다. 보통 육아서는 단정적인 지시와 연구결과나 지식들을 열거 해놓은 책들이 많은데, 이 책은 저자가 잘아는 심리적인 부분을 바탕으로 쉽고 담백하게 잘 풀어 낸것 같다. 적극 추천하고 싶다. 특히, 힘들어 하고 있는 맘들에게... 이렇게 덧붙이고 싶다. 사랑만으로 충분하고, 사랑하고 있다면 이미 충분히 훌륭한 엄마라고 말해주고 싶다. 특히, 육아에 대한 작은 고민들로 힘들어하고, 때론 자책하며 힘들어하는 엄마들에게... 그림이랑 말이랑 둘다 쉽게 다가오면서도 잘 이해가 안되면서도 어떤 느낌인지 알것 같은...ㅋㅋㅋ 이말은 많은 부모들에게 해주고 싶다. 자녀가 갓난아이든, 이미 성장한 아이든, 우리는 부모로서 자신의 모습을 돌아볼 시간..",0,ok,
16,https://blog.msalt.net/16,맘의 문을 열고 우리 나갈길을 찾아요 - 이케아세대 그들의 역습이 시작됐다,2014-11-17T22:56:37+09:00,감상문,"[""노인의 지혜와 청년의 에너지를 잇자"", ""독후감"", ""세대 갈등"", ""이케아 세대"", ""이케아세대 그들의 역습이 시작됐다"", ""전영수"", ""태그를 입력해 주세요."", ""화합""]","내가 이 책을 읽어봐야겠다고 결정하게 된 계기는 3장에 해결 방안에 대해 제안되어있기 때문이다. 비슷한 내용의 사회 분석 결과는 나름 보편적으로 알려진 상태이기 때문에 흥미를 끌지는 못했지만, 어떤 대안을 제시했는지 궁금했기 때문에 빌려와서 읽기 시작했다. 1장 결혼하지 않아도 괜찮을까? 요즘 시대 다들 아는 이야기이지만 너무 지루하지 않게 잘 기술한것 같으면서도 솔직히 많이 들어봐서 식상한면이 없지 않다. 하지만 이 내용이 빠지면 책 제목이 붕떠버리므로 꼭 필요한 내용이다. 2장 경제는 숫자로 말한다 실질적인 내용이 적절하게 기술된것 같다. 너무 많지도 너무 부족하지도 않게 잘… 3장 소멸할 것인가 도약할 것인가 8가지의 제안이라고 하였는데, 구구절절 맞는 말들이지만 그 한계가 눈에 보이기 때문에 좀 ..",0,ok,
15,https://blog.msalt.net/15,웹에서 글쓰기 - 폰트 및 화면 설정,2014-11-16T05:38:17+09:00,About Blog,"[""문단 설정"", ""문단간격"", ""블로그"", ""웹 폰트"", ""웹에서 글쓰기"", ""줄간격"", ""줄바꿈"", ""폰트""]","블로그 글의 가독성을 높이려고 폰트와 줄간격, 문단간격 등에 대해서 알아보았다. 폰트에 대한 글은 많은데, 다들 조각, 조각이라서...ㅠ 한번 정리해서 올려 본다. 공부할게 많구만...ㅋ 우선, 폰트에 대해서 이해해야 한다. 폰트에도 저작권이 있고 용도와 구현 방법등에 따라서 구분이 많다. 특히, 형식에 대해서 여기 저기서 만들어놔서 호환성 문제가 있는데 자세한건 위키로! http://ko.wikipedia.org/wiki/서체 웹에서 폰트에 대한 설명 - 웹폰트 각기 다른 형식이 존재하는 것이 가장 큰 문제가 되는 부분은 웹이 아닐까. 다른 플랫폼들도 웹에서 모두 만나는데, 상황이 안될경우 웹디자이너의 의도와 다르게 표현되게 된다. 그래서 사람들이 모여서 웹 폰트를 만들었다. 아래는 웹폰트에 대한 글이..",0,ok,
14,https://blog.msalt.net/14,블로그를 하면 좋은점...,2014-11-06T00:16:49+09:00,About Blog,"[""IT"", ""html"", ""국어"", ""노블리스 오블리주"", ""문장력"", ""블로그"", ""좋은점"", ""트랜드"", ""티스토리""]","문득, 이 밤에 내가 이걸 왜 하고 있나 싶은 생각이 들었다. 차라리 이 시간에 피아노 연습이나 할껄... 아니라고...나를 설득시키기 위해서 블로그를 하면 좋은점들을 적어본다. 생각을 정리해서 표현하는 연습을 할 수 있다. 생각을 정리해서 표현하는 것을 해본 사람과 안 해본 사람의 차이는 표현 능력 뿐만 아니라 교감 능력이 차이를 만든다. 나의 국어 실력을 반성하게 되기도 하고, 막연했던 생각들이 구체화 되고, 또 다른 아이디어가 되어서 되려 나에게 에너지를 제공하기도 한다. 조금 더 좋은 세상을 만드는데 기여할 수 있다. 나는 인터넷의 지식 공유가 가진자들의 노블리스 오블리주의 한 부분이라고 생각한다. 내가 속한 집단, 공동체와 사회를 위해서 기꺼이 나의 지식을 배풀고 자유롭게 접근하기를 허용한다. ..",0,ok,
13,https://blog.msalt.net/13,블로그 자동 넓이 조정,2014-11-04T00:37:10+09:00,About Blog,"[""css"", ""블로그 꾸미기"", ""블로그 만들기"", ""티스토리""]","넓이를 화면 사이즈에 맞게! 일반적으로 #container로 표시될 영역을 정하고, #content 또는 #sidebar 등으로 내부 영역을 구분한다. (각 영역은 float 속성으로~) css 파일을 열어서 width 를 찾아보면 고정 px로 되어있어서, 그 부분을 %로 변경해 주었다. container : 900px -> 80% content : 750px -> 77% sidebar : 190px -> 21% container 가 content와 sidebar 상위 개체(parent element)이고, 나의 경우 두개의 영역으로만 나눠져있기에 100%를 기존 px 비율로 나눴다. 이렇게 바꿔주면, 화면의 사이즈가 커지면 자동으로 커진다. 근데, 문제는 화면의 사이즈가 작아지면 계속 작아져서 화면 구..",0,ok,
12,https://blog.msalt.net/12,[독후감] 청결의 역습,2014-10-28T00:45:24+09:00,감상문,"[""SBS스페셜"", ""게놈 프로젝트"", ""독후감"", ""면역질환"", ""살균제"", ""세균"", ""아토피"", ""유산균"", ""유익균"", ""유진규"", ""자연"", ""천식"", ""청결의 역습"", ""프로바이오틱스""]","청결의 역습 독후감 내가 그렇게 청결한가... 부서를 옮기게 되면서 이별하는 후배가 나에게 선물해 준 책이다. 의미있는 책을 사주고 싶어서 고르고 고른 책이라고 한다. 사무실 의자의 뒷부분 먼지까지 닦는 사람은 처음이라고... 우리는 좀 덜 청결해질 필요가 있다며 선물해 주었다. - 그녀석도 나와 경쟁할 수 있을만큼 청결과 정리 정돈의 중독이다.ㅎ 서문부터 인상적이다. 저자의 아이들이 아토피를 겪고있고, 본인도 어느날 갑자기 아토피가 시작되어서 공부를 하다가 알게된 내용들을 정리했다고 한다. 내용이 전혀 어렵지 않고, 흥미로운 이야기들을 사례중심으로 열거하면서도 전체 흐름을 잘 이어가서 읽기 편하고 이해가 잘된다. 내용과 구성이 모두 좋다. 읽고나면 '99.9% 살균'이라는 흥행 마케팅 문구에 거부감이 ..",0,ok,
10,https://blog.msalt.net/10,마크다운 에디터를 써보세요.,2014-10-22T00:03:57+09:00,About Blog,"[""Heading Tag"", ""heading"", ""html"", ""markdown"", ""마크다운"", ""블로그"", ""에디터"", ""티스토리"", ""포스팅"", ""헤딩태그"", ""헤딩테그""]","마크다운이란? 마크업 언어의 일종인데, HTML 테그등을 열라 쉽게 사용할 수 있도록 만든 간단한 규칙을 가진 언어다. 블로그의 가독성에 대해서 고민하다가 H1등의 헤딩 테크의 중요성을 알게되었다. 헤딩테그를 비롯해서 마크업 언어는 처음에 잘해놓으면 여러모로 편하고 좋지만 대부분 귀찮아서 그냥 막 쓰다보니 여기저기 모양새가 잘 안맞고 오히려 더 불편해진다. (특히 붙여넣기할때, '이거 뭐여~'하며 '텍스트만 붙여넣기'를 클릭하는...ㅠ) 그간 나의 무관심을 반성하면서 앞으로는 귀찮아도 잘 써야겠다고 생각했지만, 매번 HTML 태그를 넣어가면서 글을 쓰는 것은 너~~~무 귀찮은 일이다. 그래서 고민하다가 나같은 사람은 분명 또 있다! 인터넷의 바다로...ㅎ 자세한 내용은 아래 글을 참조~ https://m..",0,ok,
9,https://blog.msalt.net/9,"유쾌한 크리에이티브-Creative Confidence, 모두가 아는 육아이론.",2014-08-29T22:36:39+09:00,감상문,"[""Creative Confidence"", ""IDEO"", ""데이비드 켈리"", ""독후감"", ""아이디어"", ""용기"", ""유쾌한 크리에이티브"", ""육아"", ""창의성""]","세계적인 디자인기업의 창업자이자 회장의 책이라는거 치우고, 개인적으로 인상적이었던 부분들을 추려봤다. 위치와 내용을 적고, 아랫줄에 내 생각을 적어 넣어 봤다. 창조자들의 사고법 - 창의적인 사람들은 항상 의도를 가지고 생각한다. 사물이나 현상을 주의 깊게 살펴보고 그것을 통해 본인의 창의성을 발현한다.p.50 작은 차이를 아는 사람이 작은 차이를 만들 수 있고, 그 작은 차이가 큰 감동을 만들어 낸다고 생각한다. 사람들이 봉준호 감독의 디테일에 열광하는 것과 내가 한줄짜리 e-mail를 보내면서도 썼다 지웠다를 반복하다가 보내는 것이 같은 이유일것이다. 용기란 작은 걸음들의 축척(기요르기 콘라드) 창조적 자신감을 끄집어 내기 위해서는 순간 순간마다 떠오르는 모험과 도전을 받아드릴 수 있어야 한다.p.9..",0,ok,
7,https://blog.msalt.net/7,뿌리많은 나무,2014-05-27T14:23:25+09:00,초록이들,"[""행운목 고드세피아 분갈이 뿌리 화분""]","분갈이는 보통 기존 화분보다 약간 큰 화분으로 이사하는 것으로 진행한다. 화분에 뿌리가 빽빽하게 찬경우가 많은데, 너무 많이 차있으면 괜히 미안하기까지하다. 얼마나 답답했을꼬... 회사에 행운목. 이건 분갈이 할때마다 놀란다. 다음은 고드세피아. 화분 모양대로 똬리를.. 허물이라고 해야하나...흔적이 남은 빈화분... 이주 완료~ 넘 대충 찍은듯^^;",0,ok,
6,https://blog.msalt.net/6,문단 그리고 줄바꿈과 관련된 나의 잘못된 습관,2014-05-25T23:59:09+09:00,About Blog,"[""디스플레이"", ""모바일"", ""문단"", ""줄바꿈""]","언제인가부터 글을 쓸때 쉼표를 많이 사용하고 있다. 하나의 문장을 길게 쓰지 않으려 하고, 그 길지 않은 문장을 두개 이상의 문단으로 나눠서 기록하였다. 예를들면...하나의 문장을 길게 쓰지 않으려 하고, 그 길지 않은 문장을 두개 이상의 문단으로 나눠서 기록하였다. -> 이 문장을 아래와 같이. 하나의 문장을 길게 쓰지 않으려 하고, 그 길지 않은 문장을 두개 이상의 문단으로 나눠서 기록하였다. 이유는 아무래도 문단을 나눠두면 간결히 보일 수 있고, 의사 전달이 더 잘될 것이라고 생각했기 때문이다. 그런데 티스토리 블로그를 가꾸면서 그 습관이 디지털 환경에서 문제가 될 수 있다는 생각을 하게 되었다. 왜냐하면, 문단을 내가 임의로 나눌경우(고의 줄바꿈을 뜻함) 다른 환경의 사용자(특히 해상도 관련)의 ..",0,ok,
5,https://blog.msalt.net/5,html을 위한 텍스트 에디터(Text Editor) 경험,2014-05-15T23:36:46+09:00,About Blog,"[""html 에디터"", ""노트패드++"", ""텍스트 에디터""]","티스토리 블로그 시작하면서 html을 다시 만지게 되었다. html 수정을 위한 텍스트 에디터가 무엇이 있는지 경험해 보았다. 누군가 나처럼 막 블로그를 시작하고, 대학교때 나모 웹 에디터로나 만들었던 홈페이지를 추억하며 블로그를 꾸며갈때 나의 길이 조금이나마 도움이 되길 바라는 마음으로 기록을 남긴다. http://www.homejjang.com/01/best_editor.php 여기에서 많은 정보를 얻곤하는데, 이번엔 텍스트 에디터 추천에 대한 것이다. 에디트플러스를 설치해서 진짜 딱 5분 둘러봤는데, 감이 팍 온다. 진짜 쩐다. 너무 잘 만들어놨다. 개발자를 아는 사람이 만든것 같다. 개발자 originate design 이랄까? ㅋㅋㅋㅋㅋ 화면 구성부터 딱 감이오는데, 아이콘이며, 메뉴이며...적..",0,ok,
4,https://blog.msalt.net/4,산세베리아 번식,2014-05-15T11:31:13+09:00,초록이들,"[""산세베리아 번식 화분 분갈이""]","겨울에 화분 안으로 들여놓다가 산세베리아 잎이 하나 부러졌다. 주어서 종이 커피잔에 심어놨다. 작년 11월. 새싹이나서 노는 화분 얻어다가 옮겨심어 줬당ㅋ 솟아나는 저 생명의 힘. 내가 힘들었을때 위로가 되면서, 초록이들에게 관심을 갖게된 계기가 되었드랬지. 마지막으로 이주 완료한 모습ㅎ 요즘도 심신이 지친 지인들에게 권하곤 한다. 화분은 그냥 인테리어 소품으로 여기다가도 무심코 어느덧 조금씩 성장하는 모습을 발견했을때 반려동물에 버금가는 따뜻함이 느껴진다. 물론 개인차가 있겠지만...ㅋ 2014. 5.15 맛소금",0,ok,
3,https://blog.msalt.net/3,블로그 스킨 변경 및 설정,2014-05-07T17:13:44+09:00,About Blog,"[""블로그"", ""블로그 만들기"", ""스킨"", ""티스토리""]","꾸미기라고 말하기는 너무 민망하고... 정리하는 방법이라고 해야할까?1. 스킨 선택 아주 멋진 외형을 갖추려면 많은 노력이 필요하지만 스킨을 잘 선택하는 것만으로도 깔끔한 외형을 아주 손쉽게 가꿀 수 있다. ""관리 - 꾸미기 - 스킨""에서 변경2. 사이드바 정리 사이드바에 내용이 너무 복잡한데 ""관리 - 꾸미기 - 사이드바""에서 정리할 수 있다.3. 추가 작업 1,2번 작업으로는 기본적인 편집만 가능하다. 여기에서 좀 더 자신만의 편집을 하려면 html/css 소스를 수정해야 한다. 그 부분은 자세한 내용은 이미 정리해둔 사이트가 많으므로 링크를 걸어둔다.아래 링크에서 또 링크를 따라 들어가다보면 많은 것을 알 수 있다. http://yazine.tistory.com/73스킨의 구조를 알고 싶다면 아래 ..",0,ok,
1,https://blog.msalt.net/1,블로그를 시작하며...,2014-04-15T15:57:29+09:00,About Blog,[],처음으로 공개 블로그를 시작해본다. 인터넷에서 정말 많은 도움을 거져 받아왔다. 고맙다는 말이라도 꼭 하려고 노력하지만 쉽지가 않다. 나도 다른 사람들에게 도움이 되었으면해서 조금의 수고를 들여 이 블로그를 시작해본다. 나를 위하여 그리고 다른 사람들을 위하여 포스팅을 꾸준히 이어가고 싶다. 주제는 딱히 없다. 유용하다고 생각되는 양질의 컨텐츠를 만들어서 공유하는 것에 집중하고 싶다. 2014. 10. 15 블로그를 시작하고 너무 오랫동안 방치해 두었다. 너무 바빴다고 핑계대본다. 이름도 바꾸고 꾸준히 포스팅도 해보려고 한다. 이름은 '정말 고마워서 만든 블로그'로...ㅎㅎㅎ 2015. 07. 25 처음 그 마음만 남겨두고 전부 새롭게 바꾸려 한다. 처음 그 마음을 보다 잘 표현해보려고 모양새도 다듬고 ..,1,ok,
